Company Name,Category,Sector,Share Price,Market Cap (in crores),Source,Lot Size,Min. Qty.,ISIN,Special Comment,Sell Price Rupeess
Reliance Retail Limited,Unlisted,Retail,"1,275.00","1,188,386.002",https://wwipl.com/,,,,,
Flipkart India Private Limited,Unlisted,eCommerce,"231,001.00","283,928.180",https://wwipl.com/,,,,,
National Stock Exchange of India Limited,Unlisted,Financial Service,"3,300.00","163,350.000",https://wwipl.com/,,,,,
Tata Capital Limited,Unlisted,Investment & Holding,430.00,"153,085.153",https://wwipl.com/,,,,,
Capgemini Technology Services India Limited,Delisted,"IT, Software","10,100.00","59,864.009",https://wwipl.com/,,,,,
Bundl Technologies Private Limited,Unlisted,Food Delivery,361.00,"59,315.077",https://wwipl.com/,,,,,
SBI Funds Management Limited,Unlisted,Financial Service,"1,050.00","52,837.490",https://wwipl.com/,,,,,
HDB Financial Services Limited,Unlisted,Financial Service,660.00,"52,232.339",https://wwipl.com/,,,,,
Oravel Stays Limited,Pre IPO,eCommerce,67.00,"40,404.537",https://wwipl.com/,,,,,
Nayara Energy Limited,Delisted,"Energy, Oil & Gas",270.00,"40,245.151",https://wwipl.com/,,,,,
Tata Technologies Limited,Pre IPO,"IT, Software",850.00,"34,481.825",https://wwipl.com/,,,,,
Go Digit,Unlisted,General Insurance,354.00,"30,940.233",https://wwipl.com/,,,,,
HDFC Ergo General Insurance Company Limited,Unlisted,Health Insurance,370.00,"26,440.792",https://wwipl.com/,,,,,
Anheuser Busch Inbev India Limited,Delisted,Breweries & Distilleries,365.00,"22,505.093",https://wwipl.com/,,,,,
Atlas Copco India Private Limited,Delisted,Equipment,"10,000.00","21,871.393",https://wwipl.com/,,,,,
Hexaware Technologies Limited,Delisted,"IT, Software",595.00,"18,101.396",https://wwipl.com/,,,,,
Waaree Energies Limited,Pre IPO,Renewable Energy,725.00,"17,644.040",https://wwipl.com/,,,,,
HDFC Securities Limited,Unlisted,Financial Service,"11,100.00","17,643.006",https://wwipl.com/,,,,,
Shriram General Insurance Co Limited,Unlisted,General Insurance,630.00,"16,327.253",https://wwipl.com/,,,,,
Care Health Insurance Limited,Unlisted,Health Insurance,172.00,"16,206.366",https://wwipl.com/,,,,,
Hero FinCorp Limited,Unlisted,Financial Service,"1,160.00","14,767.574",https://wwipl.com/,,,,,
PNB Metlife India Insurance Company Limited,Unlisted,Life Insurance,70.00,"14,090.190",https://wwipl.com/,,,,,
National Securities Depository Limited,Pre IPO,Financial Service,700.00,"14,000.000",https://wwipl.com/,,,,,
SBI General Insurance Company Ltd,Unlisted,General Insurance,569.00,"12,387.996",https://wwipl.com/,,,,,
Vikram Solar Limited,Pre IPO,Renewable Energy,350.00,"9,059.050",https://wwipl.com/,,,,,
Imagine Marketing Limited,Pre IPO,Consumer Durable,890.00,"8,546.697",https://wwipl.com/,,,,,
Reliance General Insurance Company Limited,Unlisted,General Insurance,333.00,"8,437.084",https://wwipl.com/,,,,,
Acevector Limited,Unlisted,eCommerce,200.00,"7,946.118",https://wwipl.com/,,,,,
Signify Innovations India Limited,Unlisted,Consumer Durable,"1,375.00","7,908.621",https://wwipl.com/,,,,,
Cochin International Airport Limited,Unlisted,Airport,180.00,"6,886.345",https://wwipl.com/,,,,,
Chennai Super Kings Cricket Limited,Unlisted,Sports Franchisee,165.00,"6,260.513",https://wwipl.com/,,,,,
API Holdings Ltd,Pre IPO,eCommerce,10.00,"6,142.041",https://wwipl.com/,,,,,
Motilal Oswal Home Finance Limited,Unlisted,Financial Service,9.25,"5,580.938",https://wwipl.com/,,,,,
ESL Steel Limited,Delisted,"Metal, Steel & Iron",29.90,"5,528.600",https://wwipl.com/,,,,,
Lava International Limited,Pre IPO,Consumer Durable,90.00,"5,179.192",https://wwipl.com/,,,,,
Philips India Limited,Delisted,Healthcare,875.00,"5,032.759",https://wwipl.com/,,,,,
Shriram Life Insurance Company Limited,Unlisted,Life Insurance,261.00,"4,681.688",https://wwipl.com/,,,,,
Otis Elevator Company India Limited,Delisted,Machinery,"3,750.00","4,428.083",https://wwipl.com/,,,,,
Incred Financial Services Limited,Unlisted,Financial Service,100.00,"3,881.337",https://wwipl.com/,,,,,
Indian Potash Limited,Unlisted,Fertilisers,"1,300.00","3,717.636",https://wwipl.com/,,,,,
Sterlite Power Transmission Limited,Unlisted,Power & Electricity,605.00,"3,701.390",https://wwipl.com/,,,,,
LE Travenues Technology Limited,Pre IPO,Tours & Travels,94.00,"3,475.650",https://wwipl.com/,,,,,
Merino Industries Limited,Unlisted,Plywood & Laminates,"3,100.00","3,465.390",https://wwipl.com/,,,,,
Versuni India Home Solutions Limited,Unlisted,Consumer Durable,590.00,"3,393.517",https://wwipl.com/,,,,,
Polymatech Electronics Limited,Unlisted,Electricals,450.00,"3,234.429",https://wwipl.com/,,,,,
Carrier Airconditioning and Refrigeration Limited,Delisted,Airconditioning,300.00,"3,191.302",https://wwipl.com/,,,,,
Goa Shipyard Limited,Unlisted,Shipping,272.00,"3,166.182",https://wwipl.com/,,,,,
ELCID Investments Limited,Illiquid/unquoted,Financial Service,"150,999.00","3,019.980",https://wwipl.com/,,,,,
Fincare Small Finance Bank Limited,Unlisted,Financial Service,136.00,"3,002.604",https://wwipl.com/,,,,,
The Hindustan Times Limited,Unlisted,Media,730.00,"2,996.092",https://wwipl.com/,,,,,
Bharat Nidhi Limited,Unlisted,Other,"9,709.00","2,816.252",https://wwipl.com/,,,,,
BVG India Limited,Unlisted,Facility Management,"1,020.00","2,717.770",https://wwipl.com/,,,,,
Camac Commercial Company Limited,Illiquid/unquoted,Real Estate,"28,800.00","2,542.464",https://wwipl.com/,,,,,
TRL Krosaki Refractories Limited,Unlisted,"Metal, Steel & Iron","1,200.00","2,508.000",https://wwipl.com/,,,,,
B9 Beverages Limited,Unlisted,Breweries & Distilleries,590.00,"2,438.475",https://wwipl.com/,,,,,
C and S Electric Limited,Unlisted,Electric Equipment,550.00,"2,434.743",https://wwipl.com/,,,,,
DFM Foods Limited,Delisted,FMCG,467.00,"2,347.854",https://wwipl.com/,,,,,
Bofa Securities India Limited,Unlisted,Financial Service,"1,000.00","2,315.504",https://wwipl.com/,,,,,
Digvijay Finlease Limited,Unlisted,Financial Service,"1,600.00","2,121.507",https://wwipl.com/,,,,,
PNB Finance And Industries Limited,Unlisted,NBFC,"6,555.00","2,097.600",https://wwipl.com/,,,,,
Hutti Gold Mines Company Limited,Unlisted,Mining & Minerals,"70,700.00","2,094.162",https://wwipl.com/,,,,,
Kurlon Enterprise Limited,Unlisted,Consumer Durable,560.00,"2,046.927",https://wwipl.com/,,,,,
Paymate India Private Limited,Unlisted,Financial Service,350.00,"2,009.304",https://wwipl.com/,,,,,
Taparia Tools Limited,Illiquid/unquoted,Other,"1,313.00","1,992.970",https://wwipl.com/,,,,,
Inox Leasing And Finance Limited,Unlisted,Financial Service,"2,000.00","1,980.010",https://wwipl.com/,,,,,
Hotahoti Wood Products Limited,Illiquid/unquoted,Financial Service,990.00,"1,979.996",https://wwipl.com/,,,,,
Arohan Financial Services Limited,Unlisted,Financial Service,125.00,"1,977.227",https://wwipl.com/,,,,,
Utkarsh Coreinvest Limited,Unlisted,Financial Service,190.00,"1,872.121",https://wwipl.com/,,,,,
Fino PayTech Limited,Unlisted,Financial Service,140.00,"1,865.337",https://wwipl.com/,,,,,
Tongani Tea Company Limited,Unlisted,"Tea, Coffee & Plantation","1,000.00","1,857.750",https://wwipl.com/,,,,,
One Mobikwik Systems Limited,Pre IPO,Financial Service,320.00,"1,829.905",https://wwipl.com/,,,,,
Studds Accessories Limited,Unlisted,Safety Accessories,850.00,"1,672.520",https://wwipl.com/,,,,,
CTR Manufacturing Industries Private Limited,Unlisted,Electric Equipment,"90,000.00","1,594.710",https://wwipl.com/,,,,,
Bharat Hotels Limited,Delisted,Hotel or Catering,200.00,"1,519.824",https://wwipl.com/,,,,,
Fincare Business Services Limited,Unlisted,Financial Service,45.50,"1,500.363",https://wwipl.com/,,,,,
IKF Finance Limited,Unlisted,Financial Service,221.00,"1,492.517",https://wwipl.com/,,,,,
GKN Driveline India Limited,Delisted,Auto Ancillaries,"1,150.00","1,468.902",https://wwipl.com/,,,,,
Mohan Meakin Limited,Unlisted,Breweries & Distilleries,"1,650.00","1,403.899",https://wwipl.com/,,,,,
National Commodity And Derivatives Exchange Limited,Unlisted,Financial Service,275.00,"1,393.590",https://wwipl.com/,,,,,
Indofil Industries Limited,Unlisted,Pesticides,640.00,"1,369.600",https://wwipl.com/,,,,,
Arch Pharma Labs Limited,Delisted,Other,90.10,"1,368.826",https://wwipl.com/,,,,,
Manjushree Technopack Limited,Delisted,Packaging,"1,010.00","1,368.318",https://wwipl.com/,,,,,
Orbis Financial Corporation Limited,Unlisted,Financial Service,115.00,"1,306.780",https://wwipl.com/,,,,,
Capital Small Finance Bank Limited,Pre IPO,Financial Service,380.00,"1,304.865",https://wwipl.com/,,,,,
ESDS Software Solution Limited,Pre IPO,"IT, Software",225.00,"1,257.293",https://wwipl.com/,,,,,
Kannur International Airport Limited,Unlisted,Airport,93.00,"1,244.453",https://wwipl.com/,,,,,
Gandhar Oil Refinery India Limited,Unlisted,"Energy, Oil & Gas",300.00,"1,221.699",https://wwipl.com/,,,,,
Afcons Infrastructure Limited,Unlisted,Construction,34.00,"1,158.510",https://wwipl.com/,,,,,
India Exposition Mart Limited,Pre IPO,Other,135.00,"1,004.733",https://wwipl.com/,,,,,
SMC Global Securities Limited,Illiquid/unquoted,Financial Service,88.00,995.583,https://wwipl.com/,,,,,
Ambadi Investments Limited,Unlisted,Investment & Holding,"4,000.00",977.209,https://wwipl.com/,,,,,
Infrastructure Leasing And Financial Services Ltd,Unlisted,Infrastructure,70.00,898.823,https://wwipl.com/,,,,,
A V Thomas And Company Limited,Unlisted,"Tea, Coffee & Plantation","16,750.00",787.585,https://wwipl.com/,,,,,
Maharaja Shree Umaid Mills Limited,Delisted,"Textiles, Yarn, Cotton & Spinning",125.00,743.606,https://wwipl.com/,,,,,
Kanara Consumer Products Ltd,Unlisted,Household Products,490.00,729.248,https://wwipl.com/,,,,,
Dalmia Bharat Refractories Limited,Illiquid/unquoted,"Metal, Steel & Iron",148.00,654.162,https://wwipl.com/,,,,,
Orissa Sponge Iron And Steel Limited,Suspended,"Metal, Steel & Iron",219.00,652.401,https://wwipl.com/,,,,,
Vanaz Engineers Limited,Unlisted,Auto Ancillaries,"3,000.00",647.316,https://wwipl.com/,,,,,
Lakeshore Hospital And Research Centre Limited,Unlisted,Hospital,64.00,640.000,https://wwipl.com/,,,,,
Sital Leasing And Finance Limited,Illiquid/unquoted,Financial Service,10.00,612.574,https://wwipl.com/,,,,,
Carol Info Services Limited,Delisted,"IT, Software",171.00,605.964,https://wwipl.com/,,,,,
Sri Sarvaraya Sugars Limited,Illiquid/unquoted,Sugar,"1,920.00",585.232,https://wwipl.com/,,,,,
Essel Mining and Industries Limited,Unlisted,Mining & Minerals,2.90,576.605,https://wwipl.com/,,,,,
Axles India Limited,Unlisted,Auto Ancillaries,225.00,573.540,https://wwipl.com/,,,,,
Deepak Industries Limited,Unlisted,Auto Components,"1,400.00",553.901,https://wwipl.com/,,,,,
Trident India Limited,Illiquid/unquoted,"Textiles, Yarn, Cotton & Spinning",1.10,549.939,https://wwipl.com/,,,,,
Jolly Board Limited,Unlisted,Forestry & Wood,"12,000.00",545.604,https://wwipl.com/,,,,,
Transformers And Electricals Kerala Limited,Delisted,Electric Equipment,125.00,537.092,https://wwipl.com/,,,,,
Elofic Industries Limited,Unlisted,Auto Ancillaries,"2,100.00",526.758,https://wwipl.com/,,,,,
Alba Polymers Limited,Illiquid/unquoted,Service,350.00,514.946,https://wwipl.com/,,,,,
Roots Multiclean Limited,Unlisted,Other,"2,520.00",504.000,https://wwipl.com/,,,,,
Parry Agro Industries Limited,Delisted,Agro Products,"1,200.00",450.818,https://wwipl.com/,,,,,
Martin And Harris Laboratories Limited,Unlisted,Pharma,"1,080.00",431.572,https://wwipl.com/,,,,,
Metropolitan Stock Exchange Of India Limited,Unlisted,Financial Service,0.86,414.107,https://wwipl.com/,,,,,
Jana Small Finance Bank Limited,Unlisted,Financial Service,75.00,412.340,https://wwipl.com/,,,,,
Frick India Limited,Illiquid/unquoted,Auto Ancillaries,"6,700.00",401.983,https://wwipl.com/,,,,,
Lotte India Corporation Limited,Delisted,Other,350.00,380.232,https://wwipl.com/,,,,,
Midland Microfin Limited,Unlisted,Financial Service,104.00,374.192,https://wwipl.com/,,,,,
Balmer Lawrie Van Leer Limited,Unlisted,Packaging,199.00,357.699,https://wwipl.com/,,,,,
Credo Mineral Industries Limited,Unlisted,Mining & Minerals,54.00,354.710,https://wwipl.com/,,,,,
Ganga Care Hospital Limited,Unlisted,Healthcare,298.00,353.503,https://wwipl.com/,,,,,
Akme Fintrade India Limited,Unlisted,NBFC,110.00,348.425,https://wwipl.com/,,,,,
Hira Ferro Alloys Limited,Delisted,"Metal, Steel & Iron",150.00,347.828,https://wwipl.com/,,,,,
Honeywell Electrical Devices And Systems India Limited,Unlisted,Electric Equipment,"3,600.00",342.590,https://wwipl.com/,,,,,
Xerox India Limited,Delisted,Office Automation,74.10,332.027,https://wwipl.com/,,,,,
U P Electricals Limited,Illiquid/unquoted,Electricals,172.65,317.900,https://wwipl.com/,,,,,
Ring Plus Aqua Limited,Unlisted,Auto Components,405.00,314.145,https://wwipl.com/,,,,,
Blossom Industries Limited,Unlisted,Breweries & Distilleries,85.00,313.579,https://wwipl.com/,,,,,
Turanth Suraksha Insurance Web Aggregator Private Limited,Unlisted,Financial Service,700.00,308.147,https://wwipl.com/,,,,,
Maharashtra Knowledge Corporation Limited,Unlisted,Education,380.00,307.047,https://wwipl.com/,,,,,
Rasoi Limited,Delisted,FMCG,"31,500.00",304.290,https://wwipl.com/,,,,,
Godavari Biorefineries Limited,Pre IPO,Miscellaneous,71.00,297.795,https://wwipl.com/,,,,,
Eaton Fluid Power Limited,Unlisted,Power & Electricity,425.00,295.800,https://wwipl.com/,,,,,
Gannon Dunkerley and Co Limited,Unlisted,Other,"1,100.00",295.680,https://wwipl.com/,,,,,
Indian Commodity Exchange Limited,Unlisted,Financial Service,4.00,294.400,https://wwipl.com/,,,,,
Moneytech Finlease Limited,Illiquid/unquoted,Financial Service,372.00,286.280,https://wwipl.com/,,,,,
Eastern Investments Limited,Illiquid/unquoted,Financial Service,"2,000.00",283.791,https://wwipl.com/,,,,,
ETA Karnataka Estates Limited,Unlisted,"Textiles, Yarn, Cotton & Spinning",130.00,279.583,https://wwipl.com/,,,,,
Capricon Realty Limited,Unlisted,Real Estate,"300,006.00",269.915,https://wwipl.com/,,,,,
Verum Properties Limited,Illiquid/unquoted,Real Estate,391.25,258.127,https://wwipl.com/,,,,,
Schneider Electric President Systems Limited,Delisted,Electric Equipment,425.00,257.040,https://wwipl.com/,,,,,
Hella India Lighting Limited,Unlisted,Auto Components,810.00,256.883,https://wwipl.com/,,,,,
Panasonic Appliances India Company Limited,Delisted,Household Products,202.00,256.070,https://wwipl.com/,,,,,
Garg Acrylics Limited,Illiquid/unquoted,Miscellaneous,383.75,254.917,https://wwipl.com/,,,,,
San Engineering And Locomotive Company Limited,Unlisted,Auto Components,550.00,244.750,https://wwipl.com/,,,,,
India Carbon Limited,Unlisted,Chemical,900.00,238.500,https://wwipl.com/,,,,,
AMNS Ports India Limited,Unlisted,Shipping,35.10,231.956,https://wwipl.com/,,,,,
NCL Buildtek Limited,Unlisted,Building Materials,200.00,231.400,https://wwipl.com/,,,,,
UP Twiga Fiberglass Limited,Unlisted,Other,280.00,222.343,https://wwipl.com/,,,,,
Mcnally Sayaji Engineering Limited,Illiquid/unquoted,Equipment,175.00,220.312,https://wwipl.com/,,,,,
Hindusthan Engineering And Industries Limited,Unlisted,Other,144.00,216.011,https://wwipl.com/,,,,,
Inkel Limited,Unlisted,Infrastructure,12.00,213.377,https://wwipl.com/,,,,,
Wintac Limited,Delisted,Pharma,207.00,207.502,https://wwipl.com/,,,,,
IHP Finvest Limited,Unlisted,Financial Service,"3,600.00",205.122,https://wwipl.com/,,,,,
Malayalam Communications Limited,Unlisted,Entertainment,"25,000.00",197.280,https://wwipl.com/,,,,,
Berar Finance Limited,Delisted,Financial Service,155.00,191.221,https://wwipl.com/,,,,,
Nayara Energy Limited 8 NCD 15DC25 FVRS350,Delisted,"Energy, Oil & Gas",255.00,187.125,https://wwipl.com/,,,,,
Pharmed Limited,Delisted,Healthcare,430.00,185.167,https://wwipl.com/,,,,,
T Stanes and Company Limited,Unlisted,Hotel or Catering,770.00,182.196,https://wwipl.com/,,,,,
Resins and Plastics Limited,Illiquid/unquoted,Other,415.00,173.150,https://wwipl.com/,,,,,
Gujarat NRE Coke Limited,Suspended,Other,1.00,165.094,https://wwipl.com/,,,,,
Bagrrys India Private Limited,Unlisted,FMCG,"2,100.00",161.618,https://wwipl.com/,,,,,
Empire Spices and Foods Limited,Unlisted,FMCG,329.00,159.257,https://wwipl.com/,,,,,
Maxvalue Credits And Investments Limited,Unlisted,Financial Service,5.10,158.891,https://wwipl.com/,,,,,
Bliss Enterprises,Unlisted,Miscellaneous,18.00,154.625,https://wwipl.com/,,,,,
J K Investo Trade India Limited,Delisted,Investment & Holding,210.00,153.766,https://wwipl.com/,,,,,
Midland Rubber And Produce Co Ltd,Unlisted,"Tea, Coffee & Plantation","3,880.00",150.965,https://wwipl.com/,,,,,
The Indian Steel And Wire Products Limited,Delisted,"Metal, Steel & Iron",250.00,149.797,https://wwipl.com/,,,,,
Asiatic Oxygen Ltd,Unlisted,Chemical,900.00,148.687,https://wwipl.com/,,,,,
Panasonic AVC Networks India Company Limited,Unlisted,Other,29.00,145.000,https://wwipl.com/,,,,,
Mitsubishi Heavy Industries India Precision Tools Limited,Unlisted,Other,207.00,144.279,https://wwipl.com/,,,,,
The Delhi Flour Mills Company Limited,Unlisted,Food & Beverages,720.13,131.480,https://wwipl.com/,,,,,
Vajresh Consultants Limited,Unlisted,Other,110.00,126.072,https://wwipl.com/,,,,,
J K Cotton Limited,Unlisted,"Textiles, Yarn, Cotton & Spinning",35.10,125.396,https://wwipl.com/,,,,,
Asscher Enterprises Limited,Unlisted,Trading,111.00,125.293,https://wwipl.com/,,,,,
The Ramaraju Surgical Cotton Mills Limited,Unlisted,"Textiles, Yarn, Cotton & Spinning",315.00,124.317,https://wwipl.com/,,,,,
Bhishma Realty Limited,Unlisted,Real Estate,"125,100.00",123.749,https://wwipl.com/,,,,,
The Hooghly Mills Company Ltd,Illiquid/unquoted,"Textiles, Yarn, Cotton & Spinning",150.00,119.070,https://wwipl.com/,,,,,
The Mysore Lamp Work Ltd,Unlisted,Other,100.00,118.102,https://wwipl.com/,,,,,
Proyuga Advanced Technologies Limited,Unlisted,Artificial Intelligence,25.00,113.388,https://wwipl.com/,,,,,
Mohindra Fasteners Limited,Unlisted,Other,190.00,111.958,https://wwipl.com/,,,,,
The Mysore Paper Mills Limited,Unlisted,Paper,9.00,107.004,https://wwipl.com/,,,,,
Electronica Plastic Machines Limited,Delisted,Equipment,"4,100.00",104.977,https://wwipl.com/,,,,,
Roop Ultrasonix Limited,Unlisted,Other,150.00,104.498,https://wwipl.com/,,,,,
English Indian Clays Limited,Unlisted,Other,20.50,103.066,https://wwipl.com/,,,,,
OEN India Limited,Delisted,Auto LCVS & HCVS,200.00,101.985,https://wwipl.com/,,,,,
Arkfin Investments Private Limited,Unlisted,NBFC,50.00,100.231,https://wwipl.com/,,,,,
Electronica Finance Limited,Delisted,NBFC,34.00,98.872,https://wwipl.com/,,,,,
Bombay Swadeshi Stores Limited,Unlisted,Other,200.00,98.800,https://wwipl.com/,,,,,
Mayasheel Retail India Limited,Unlisted,"Textiles, Yarn, Cotton & Spinning",32.00,94.400,https://wwipl.com/,,,,,
MSE Financial Services Limited,Unlisted,Financial Service,7.00,93.877,https://wwipl.com/,,,,,
Cable Corporation of India Ltd,Delisted,Cables,12.10,93.517,https://wwipl.com/,,,,,
Balasore Alloys Limited,Suspended,Metal,10.00,93.325,https://wwipl.com/,,,,,
Avlokiteshvar Valinv Limited,Unlisted,Financial Service,250.00,92.284,https://wwipl.com/,,,,,
Anglo French Drugs And Industries Limited,Illiquid/unquoted,Pharma,745.00,91.887,https://wwipl.com/,,,,,
Smile Micro Finance Limited,Unlisted,Financial Service,52.00,90.166,https://wwipl.com/,,,,,
Anugraha Valve Castings Limited,Unlisted,Hotel or Catering,255.00,89.926,https://wwipl.com/,,,,,
Mint Investments Limited,Illiquid/unquoted,Investment & Holding,162.00,89.748,https://wwipl.com/,,,,,
ICL Fincorp Limited,Unlisted,Financial Service,20.10,89.113,https://wwipl.com/,,,,,
Shivalik Agro Poly Products Ltd,Unlisted,Plastic,970.00,85.942,https://wwipl.com/,,,,,
KLM Axiva Finvest Limited,Pre IPO,Financial Service,16.20,85.499,https://wwipl.com/,,,,,
Partap Industries Limited,Illiquid/unquoted,"Textiles, Yarn, Cotton & Spinning",399.70,85.332,https://wwipl.com/,,,,,
Salaya Bulk Terminals Limited,Unlisted,Shipping,20.20,84.417,https://wwipl.com/,,,,,
Beetel Teletech Limited,Unlisted,Telecomm,165.00,84.012,https://wwipl.com/,,,,,
Apex Auto Limited,Unlisted,Auto Components,150.00,83.010,https://wwipl.com/,,,,,
SPML India Limited,Illiquid/unquoted,Financial Service,20.45,80.625,https://wwipl.com/,,,,,
Consolidated Construction Consortium Limited,Delisted,Construction,2.00,79.702,https://wwipl.com/,,,,,
Merind Limited,Delisted,Other,216.00,78.667,https://wwipl.com/,,,,,
Webfil Limited,Unlisted,Digital Equipment,92.00,78.499,https://wwipl.com/,,,,,
Naga Limited,Illiquid/unquoted,FMCG,55.00,78.364,https://wwipl.com/,,,,,
Dalmia Laminators Limited,Illiquid/unquoted,Other,191.00,78.024,https://wwipl.com/,,,,,
Sunayana Investment Company Limited,Illiquid/unquoted,Investment & Holding,34.00,75.623,https://wwipl.com/,,,,,
Genesis Finance Company Limited,Illiquid/unquoted,Financial Service,15.95,74.003,https://wwipl.com/,,,,,
Gammon India Limited,Suspended,Building Materials,2.00,73.769,https://wwipl.com/,,,,,
Kingfisher Airlines Limited,Delisted,Other,0.91,73.594,https://wwipl.com/,,,,,
Sree Satyanarayana Spinning Mills Ltd,Illiquid/unquoted,"Textiles, Yarn, Cotton & Spinning",700.00,73.507,https://wwipl.com/,,,,,
ELGI Ultra Industries Limited,Unlisted,Household Products,400.00,72.396,https://wwipl.com/,,,,,
KCL Limited,Illiquid/unquoted,Paper,233.00,69.902,https://wwipl.com/,,,,,
Guindy Machine Tools Limited,Unlisted,Equipment,191.00,69.367,https://wwipl.com/,,,,,
Premier Cryogenics Limited,Unlisted,"Energy, Oil & Gas",140.00,68.935,https://wwipl.com/,,,,,
Sasvitha Home Finance Limited,Unlisted,Financial Service,25.00,67.223,https://wwipl.com/,,,,,
Tarini Enterprises Limited,Illiquid/unquoted,Retail,198.60,66.988,https://wwipl.com/,,,,,
Anand I Power Limited,Delisted,Auto Ancillaries,20.00,66.673,https://wwipl.com/,,,,,
Market Simplified India Limited,Unlisted,"IT, Software",44.00,66.076,https://wwipl.com/,,,,,
Vam Holdings Limited,Unlisted,Investment & Holding,"1,800.00",65.646,https://wwipl.com/,,,,,
Placid Limited,Unlisted,NBFC,"1,207.00",64.827,https://wwipl.com/,,,,,
Absolute Sports Private Limited,Unlisted,Media,"3,303.00",62.316,https://wwipl.com/,,,,,
Manipal Housing Finance Syndicate Limited,Unlisted,Financial Service,72.50,61.662,https://wwipl.com/,,,,,
Sri Vishnu Shankar Mill Limited,Unlisted,"Textiles, Yarn, Cotton & Spinning",405.00,60.750,https://wwipl.com/,,,,,
ACS Technologies Limited,Unlisted,"IT, Software",39.00,57.517,https://wwipl.com/,,,,,
Gobind Sugar Mills Limited,Unlisted,Other,125.00,55.913,https://wwipl.com/,,,,,
Mewar Polytex Limited,Delisted,"Textiles, Yarn, Cotton & Spinning",171.00,55.233,https://wwipl.com/,,,,,
Assam Carbon Products Limited,Unlisted,Electricity,200.00,55.112,https://wwipl.com/,,,,,
BGSE Properties and Securities Limited,Unlisted,Financial Service,15.00,55.038,https://wwipl.com/,,,,,
Mysore Paints And Varnish Limited,Unlisted,Paint & Varnishes,520.00,53.901,https://wwipl.com/,,,,,
Farmax India Limited,Delisted,FMCG,1.00,53.417,https://wwipl.com/,,,,,
Auckland International Limited,Unlisted,Hotel or Catering,129.00,52.978,https://wwipl.com/,,,,,
Marvel Vinyls Limited,Delisted,Other,124.00,52.758,https://wwipl.com/,,,,,
U P Asbestos Limited,Illiquid/unquoted,Construction,57.00,51.911,https://wwipl.com/,,,,,
Sri Kannapiran Mills Limited,Unlisted,"Textiles, Yarn, Cotton & Spinning",95.00,51.489,https://wwipl.com/,,,,,
Kamarhatty Company Limited,Unlisted,Hotel or Catering,90.00,50.553,https://wwipl.com/,,,,,
Amtek Auto Limited,Suspended,Auto Components,2.00,49.651,https://wwipl.com/,,,,,
Sri Chamundeswari Sugars Limited,Delisted,Sugar,20.00,48.909,https://wwipl.com/,,,,,
Pratibha Industries Limited,Suspended,Engineering,2.00,47.719,https://wwipl.com/,,,,,
Kusum Industrial Gases Limited,Unlisted,"Energy, Oil & Gas",400.00,47.501,https://wwipl.com/,,,,,
The Travancore Rubber and Tea Company,Unlisted,"Tea, Coffee & Plantation","1,150.00",47.150,https://wwipl.com/,,,,,
BT Syndicate Limited,Illiquid/unquoted,Bank,4.55,46.724,https://wwipl.com/,,,,,
SVOGL Oil Gas and Energy Limited,Delisted,"Energy, Oil & Gas",10.00,46.361,https://wwipl.com/,,,,,
Oswal Minerals Limited,Illiquid/unquoted,Mining & Minerals,60.10,45.378,https://wwipl.com/,,,,,
BS Limited,Delisted,Electric Equipment,1.00,44.168,https://wwipl.com/,,,,,
SBI Home Finance Limited,Suspended,NBFC,29.10,43.650,https://wwipl.com/,,,,,
Sterling Biotech Limited,Suspended,Chemical,1.00,43.304,https://wwipl.com/,,,,,
APL Metals Limited,Illiquid/unquoted,Hotel or Catering,40.00,42.906,https://wwipl.com/,,,,,
Sri Chakra Cement Limited,Delisted,Cement,47.10,42.390,https://wwipl.com/,,,,,
Amol Minechem Limited,Unlisted,Electricity,515.00,42.185,https://wwipl.com/,,,,,
Trans Globe Textiles Limited,Illiquid/unquoted,"Textiles, Yarn, Cotton & Spinning",180.00,40.709,https://wwipl.com/,,,,,
Hicks Thermometers India Limited,Unlisted,Healthcare,"1,450.00",39.948,https://wwipl.com/,,,,,
Badra Estates And Industries Limited,Unlisted,Other,"1,125.00",39.545,https://wwipl.com/,,,,,
Rydak Syndicate Limited,Unlisted,Agriculture & Agro Products,400.00,38.925,https://wwipl.com/,,,,,
Prudential Sugar Corporation Limited,Suspended,Food & Drinks,12.00,38.702,https://wwipl.com/,,,,,
North Eastern Publishing And Advertising Co Ltd,Illiquid/unquoted,Publication,9.30,37.671,https://wwipl.com/,,,,,
Amalgamations Repco Limited,Unlisted,Auto Components,392.00,37.157,https://wwipl.com/,,,,,
MIL Industries Limited,Unlisted,Other,117.00,36.855,https://wwipl.com/,,,,,
The Scottish Assam India Limited,Unlisted,"Tea, Coffee & Plantation",446.00,35.680,https://wwipl.com/,,,,,
Manikaran Power Limited,Unlisted,Power & Electricity,10.00,35.353,https://wwipl.com/,,,,,
Bihariji Ispat Udyog Limited,Illiquid/unquoted,Financial Service,58.00,34.800,https://wwipl.com/,,,,,
NCL Holdings Limited,Unlisted,Investment & Holding,60.00,34.710,https://wwipl.com/,,,,,
Hemadri Cements Limited,Illiquid/unquoted,Cement,52.00,34.684,https://wwipl.com/,,,,,
AdTech Systems Limited,Illiquid/unquoted,Financial Service,29.10,34.670,https://wwipl.com/,,,,,
Purbanchal Prestressed Limited,Illiquid/unquoted,Financial Service,8.65,34.573,https://wwipl.com/,,,,,
Marble Finvest Limited,Illiquid/unquoted,Financial Service,123.35,34.526,https://wwipl.com/,,,,,
ASEL Financial Services Limited,Unlisted,Financial Service,46.10,34.470,https://wwipl.com/,,,,,
DEYS Medical Stores Manufacturing Limited,Unlisted,Pharma,400.00,34.047,https://wwipl.com/,,,,,
The Calcutta Stock Exchange Limited,Unlisted,Financial Service,550.00,33.619,https://wwipl.com/,,,,,
Uniply Industries Limited,Suspended,Miscellaneous,2.00,33.529,https://wwipl.com/,,,,,
Operational Energy Group India Limited,Illiquid/unquoted,Power & Electricity,25.70,33.517,https://wwipl.com/,,,,,
DSE Estates Limited,Unlisted,Financial Service,11.00,33.438,https://wwipl.com/,,,,,
East India Pharmaceutical Works Limited,Unlisted,Pharma,49.00,32.708,https://wwipl.com/,,,,,
Essar Ports Limited,Unlisted,Other,10.01,32.620,https://wwipl.com/,,,,,
MIL Industries And Aerospace Limited,Unlisted,AEROSPACE,100.00,31.500,https://wwipl.com/,,,,,
Rajlaxmi Industries Limited,Suspended,"Textiles, Yarn, Cotton & Spinning",1.00,31.000,https://wwipl.com/,,,,,
Bhatkawa Tea Industries Limited,Illiquid/unquoted,Hotel or Catering,136.00,30.464,https://wwipl.com/,,,,,
Fancy Fittings Limited,Illiquid/unquoted,Miscellaneous,93.40,30.430,https://wwipl.com/,,,,,
Down Town Hospital Limited,Unlisted,Hospital,100.00,30.000,https://wwipl.com/,,,,,
Bijni Dooars Tea Co Ltd,Illiquid/unquoted,"Tea, Coffee & Plantation",500.00,30.000,https://wwipl.com/,,,,,
Jagadishwar Pharmaceuticals Works Limited,Illiquid/unquoted,Pharma,10.01,29.730,https://wwipl.com/,,,,,
Bateli Tea Company Limited,Unlisted,Other,"1,350.00",28.921,https://wwipl.com/,,,,,
Svarnim Trade Udyog Limited,Illiquid/unquoted,Trading,117.00,28.449,https://wwipl.com/,,,,,
Pine Animation Limited,Suspended,"IT, Software",1.00,27.700,https://wwipl.com/,,,,,
Nicco Corporation Limited,Delisted,Engineering,2.00,26.375,https://wwipl.com/,,,,,
Sigachi Laboratories Limited,Illiquid/unquoted,Pharma,39.00,26.337,https://wwipl.com/,,,,,
Sistema Smart Technologies Limited,Unlisted,Telecomm,0.11,26.335,https://wwipl.com/,,,,,
Ganodaya Finlease Limited,Illiquid/unquoted,NBFC,39.15,25.448,https://wwipl.com/,,,,,
LCC Infotech Limited,Delisted,"IT, Software",2.00,25.319,https://wwipl.com/,,,,,
Ashapura Intimates Fashion Limited,Suspended,"Textiles, Yarn, Cotton & Spinning",10.01,25.237,https://wwipl.com/,,,,,
Dr Fresh Assets Limited,Illiquid/unquoted,Real Estate,45.00,24.596,https://wwipl.com/,,,,,
Medexport India Limited,Illiquid/unquoted,Trading,35.00,24.500,https://wwipl.com/,,,,,
Kwality Limited,Suspended,FMCG,1.00,24.135,https://wwipl.com/,,,,,
Hardoli Paper Mills Limited,Illiquid/unquoted,Paper,89.00,23.961,https://wwipl.com/,,,,,
Intertec Technologies Limited,Illiquid/unquoted,Miscellaneous,31.35,23.703,https://wwipl.com/,,,,,
The Birla Cotton Spinning and Weaving Mills Limited,Illiquid/unquoted,"Textiles, Yarn, Cotton & Spinning",205.00,23.456,https://wwipl.com/,,,,,
Rajparis Civil Constructions Limited,Illiquid/unquoted,Real Estate,57.25,23.348,https://wwipl.com/,,,,,
Kashipur Holdings Limited,Unlisted,Miscellaneous,100.00,22.772,https://wwipl.com/,,,,,
B S Refrigerators Limited,Delisted,Consumer Durable,10.00,22.593,https://wwipl.com/,,,,,
Chitrakut Holdings Limited,Illiquid/unquoted,Financial Service,30.40,22.253,https://wwipl.com/,,,,,
Jardine Henderson Limited,Unlisted,Miscellaneous,"1,100.00",22.000,https://wwipl.com/,,,,,
Indo Alusys Industries Limited,Unlisted,Metal,25.75,21.908,https://wwipl.com/,,,,,
New Chumta  Tea Company limited,Unlisted,"Tea, Coffee & Plantation",100.00,21.400,https://wwipl.com/,,,,,
Ranicherra Tea Company  Limited,Unlisted,"Tea, Coffee & Plantation",82.00,21.320,https://wwipl.com/,,,,,
Rainbow Papers Limited,Suspended,Paper,2.00,21.243,https://wwipl.com/,,,,,
Bharat NRE Coke Limited,Delisted,Mining & Minerals,1.00,21.169,https://wwipl.com/,,,,,
Bil Energy Systems Ltd,Suspended,Power & Electricity,1.00,21.142,https://wwipl.com/,,,,,
Arcotech Limited,Suspended,Metal,2.00,21.000,https://wwipl.com/,,,,,
The Delhi Safe Deposit Company Limited,Illiquid/unquoted,Other,40.00,20.892,https://wwipl.com/,,,,,
Akash Agro Industries Limited,Illiquid/unquoted,Agriculture & Agro Products,50.60,20.699,https://wwipl.com/,,,,,
Pearl Apartments Limited,Illiquid/unquoted,Miscellaneous,411.90,20.595,https://wwipl.com/,,,,,
Cyber Media Research and Services Limited,Pre IPO,Media,190.00,20.305,https://wwipl.com/,,,,,
Jotindra Steel And Tubes Limited,Illiquid/unquoted,Real Estate,41.00,19.978,https://wwipl.com/,,,,,
Amitabh Bachchan Corporation Pvt Ltd,Unlisted,Entertainment,4.00,19.509,https://wwipl.com/,,,,,
Reliance Mediaworks Limited,Delisted,Media,1.00,19.321,https://wwipl.com/,,,,,
Sangrahalaya Timber and Crafts Limited,Illiquid/unquoted,Financial Service,9.25,18.509,https://wwipl.com/,,,,,
The Nelliampathy Tea and Produce Company Limited,Unlisted,"Tea, Coffee & Plantation",370.00,18.102,https://wwipl.com/,,,,,
Kumar Autocast Limited,Illiquid/unquoted,Casting & Forgings,17.15,17.791,https://wwipl.com/,,,,,
Haldia Petrochemicals Limited,Unlisted,"Energy, Oil & Gas",0.10,16.879,https://wwipl.com/,,,,,
JVL Agro Industries Limited,Suspended,Agro Products,1.00,16.794,https://wwipl.com/,,,,,
Swati Projects Limited,Illiquid/unquoted,Financial Service,16.01,16.170,https://wwipl.com/,,,,,
Madbow Ventures Limited,Unlisted,Retail,34.00,15.980,https://wwipl.com/,,,,,
Peirce Leslie India Limited,Unlisted,Service,52.00,15.905,https://wwipl.com/,,,,,
Patels Airflow Limited,Unlisted,Other,70.00,15.751,https://wwipl.com/,,,,,
Starlite Global Enterprises India Limited,Illiquid/unquoted,Real Estate,38.85,15.434,https://wwipl.com/,,,,,
Pact Industries Limited,Illiquid/unquoted,"Textiles, Yarn, Cotton & Spinning",2.75,15.237,https://wwipl.com/,,,,,
Merit Credit Corporation Limited,Illiquid/unquoted,Financial Service,24.70,14.820,https://wwipl.com/,,,,,
Lakshmi Energy and Foods Limited,Suspended,Food & Drinks,2.00,14.726,https://wwipl.com/,,,,,
The Methoni Tea Company Limited,Unlisted,Hotel or Catering,162.00,14.710,https://wwipl.com/,,,,,
OCL Iron And Steel Ltd,Suspended,"Metal, Steel & Iron",1.00,14.531,https://wwipl.com/,,,,,
Sterling Estates and Properties Limited,Illiquid/unquoted,Real Estate,43.85,14.471,https://wwipl.com/,,,,,
Hindustan Dorr Oliver Limited,Delisted,Construction,2.00,14.401,https://wwipl.com/,,,,,
Metkore Alloys  and  Industries Limited,Suspended,Metal,2.00,14.085,https://wwipl.com/,,,,,
Dewas Metal Sections Limited,Unlisted,"Metal, Steel & Iron",45.00,13.995,https://wwipl.com/,,,,,
Agarwal Duplex Board Mills Limited,Illiquid/unquoted,Paper,1.00,13.500,https://wwipl.com/,,,,,
Birla Cotsyn India Limited,Delisted,"Textiles, Yarn, Cotton & Spinning",0.05,13.433,https://wwipl.com/,,,,,
Tunwal E Motors Private Limited,Unlisted,Other,130.00,13.374,https://wwipl.com/,,,,,
Virat Leasing Limited,Delisted,Investment & Holding,10.10,13.110,https://wwipl.com/,,,,,
Vijay Shanthi Builders Limited,Delisted,Real Estate,5.00,13.094,https://wwipl.com/,,,,,
Arraycom India Limited,Unlisted,Other,26.10,13.050,https://wwipl.com/,,,,,
Silicon Valley Infotech Limited,Delisted,"IT, Software",1.00,12.968,https://wwipl.com/,,,,,
Rathi Industries Limited,Illiquid/unquoted,"Metal, Steel & Iron",20.00,12.920,https://wwipl.com/,,,,,
Reliance Broadcast Network Limited,Delisted,Media,0.10,12.795,https://wwipl.com/,,,,,
Silverline Technologies Limited,Delisted,"IT, Software",2.10,12.597,https://wwipl.com/,,,,,
East West Hotels Limited,Unlisted,Hotel or Catering,351.00,12.505,https://wwipl.com/,,,,,
AKC Steel Industries Limited,Unlisted,"Metal, Steel & Iron",30.00,12.450,https://wwipl.com/,,,,,
Meenakshi Mercantiles Limited,Illiquid/unquoted,Financial Service,10.00,12.239,https://wwipl.com/,,,,,
Sangameshwar Coffee Estates Limited,Unlisted,"Tea, Coffee & Plantation",95.00,11.991,https://wwipl.com/,,,,,
Central Cables Limited,Illiquid/unquoted,Cables,73.20,11.895,https://wwipl.com/,,,,,
High Ground Enterprise Limited,Suspended,Engineering,1.00,11.512,https://wwipl.com/,,,,,
Manpasand Beverages Limited,Suspended,Other,1.00,11.446,https://wwipl.com/,,,,,
MPL Enterprises Limited,Unlisted,NBFC,39.80,11.304,https://wwipl.com/,,,,,
Cremica Agro Foods Limited,Illiquid/unquoted,Food & Drinks,25.10,11.284,https://wwipl.com/,,,,,
Kirti Investments Limited,Illiquid/unquoted,Investment & Holding,5.00,11.000,https://wwipl.com/,,,,,
Robert Resources Limited,Illiquid/unquoted,Trading,10.70,10.962,https://wwipl.com/,,,,,
Steadfast Corporation Limited,Illiquid/unquoted,Miscellaneous,14.91,10.632,https://wwipl.com/,,,,,
Balaji Agro Oils Limited,Illiquid/unquoted,Agro Products,10.05,10.630,https://wwipl.com/,,,,,
Visisth Chay Vyapar Limited,Illiquid/unquoted,Financial Service,5.30,10.599,https://wwipl.com/,,,,,
Kesoram Textile Mills Limited,Illiquid/unquoted,"Textiles, Yarn, Cotton & Spinning",2.01,10.509,https://wwipl.com/,,,,,
Deepjyoti Textiles Limited,Illiquid/unquoted,"Textiles, Yarn, Cotton & Spinning",20.80,10.421,https://wwipl.com/,,,,,
Gemini Communication Limited,Delisted,"IT, Software",1.00,10.415,https://wwipl.com/,,,,,
SSF Limited,Illiquid/unquoted,Retail,15.50,10.318,https://wwipl.com/,,,,,
Ace Exports Limited,Illiquid/unquoted,Footwear,19.00,10.246,https://wwipl.com/,,,,,
India Stuffyarn Limited,Illiquid/unquoted,Trading,180.00,10.224,https://wwipl.com/,,,,,
AKS Credits Limited,Illiquid/unquoted,Financial Service,9.15,10.065,https://wwipl.com/,,,,,
The Bormah Jan Tea Company 1936 Limited,Unlisted,Agriculture & Agro Products,800.00,10.000,https://wwipl.com/,,,,,
John Oakey And Mohan Limited,Unlisted,Forestry & Wood,205.00,9.917,https://wwipl.com/,,,,,
Auckland Jute Co Limited,Unlisted,Other,36.00,9.883,https://wwipl.com/,,,,,
Balanoor Plantations and Industries Limited,Unlisted,"Tea, Coffee & Plantation",160.00,9.868,https://wwipl.com/,,,,,
DHSL Textiles India Limited,Illiquid/unquoted,"Textiles, Yarn, Cotton & Spinning",19.55,9.771,https://wwipl.com/,,,,,
Shah Construction Company Limited,Delisted,Construction,600.00,9.675,https://wwipl.com/,,,,,
CKP Leisure Limited,Suspended,Hotel or Catering,10.00,9.634,https://wwipl.com/,,,,,
ICSA India Limited,Suspended,"IT, Software",2.00,9.628,https://wwipl.com/,,,,,
RK Manufacturing Company Limited,Illiquid/unquoted,Metal,10.00,9.586,https://wwipl.com/,,,,,
Cura Technologies Limited,Suspended,"IT, Software",10.00,9.555,https://wwipl.com/,,,,,
Jagat Trading Enterprises Limited,Illiquid/unquoted,Trading,18.70,9.503,https://wwipl.com/,,,,,
Calcutta Security Printers Limited,Delisted,Printing & Stationery,220.00,9.460,https://wwipl.com/,,,,,
Haileyburia Tea Estates Limited,Unlisted,"Tea, Coffee & Plantation",60.00,9.450,https://wwipl.com/,,,,,
Pace Automation Limited,Illiquid/unquoted,"IT, Software",10.00,9.448,https://wwipl.com/,,,,,
Ganon Products Limited,Delisted,Other,10.00,9.331,https://wwipl.com/,,,,,
Pincon Spirit Limited,Suspended,Breweries & Distilleries,2.10,9.258,https://wwipl.com/,,,,,
Shakumbhri Pulp and Paper Mills Limited,Illiquid/unquoted,Paper,23.60,9.098,https://wwipl.com/,,,,,
Rushabh Precision Bearings Limited,Suspended,Auto Ancillaries,10.00,9.000,https://wwipl.com/,,,,,
Progressive Finlease Limited,Illiquid/unquoted,Financial Service,10.00,8.947,https://wwipl.com/,,,,,
Bombay Gas Company Limited,Unlisted,GAS,11.01,8.808,https://wwipl.com/,,,,,
Crescent Finstock Limited,Illiquid/unquoted,Financial Service,12.00,8.668,https://wwipl.com/,,,,,
Artedz Fabs Limited,Suspended,"Textiles, Yarn, Cotton & Spinning",10.00,8.560,https://wwipl.com/,,,,,
Hillridge Investments Limited,Illiquid/unquoted,Financial Service,10.00,8.500,https://wwipl.com/,,,,,
Ranjan Polysters Limited,Illiquid/unquoted,"Textiles, Yarn, Cotton & Spinning",28.25,8.478,https://wwipl.com/,,,,,
Eon Electric Limited,Suspended,Electricals,5.00,8.451,https://wwipl.com/,,,,,
Midland Services Limited,Illiquid/unquoted,Service,26.40,8.447,https://wwipl.com/,,,,,
Federal Mogul Anand Sealings India Limited,Unlisted,Auto Ancillaries,10.00,8.334,https://wwipl.com/,,,,,
Stanes Amalgamated Estates Limited,Unlisted,Other,75.00,8.306,https://wwipl.com/,,,,,
Cals Refineries Limited,Delisted,"Energy, Oil & Gas",0.01,8.294,https://wwipl.com/,,,,,
DTL India Holdings Limited,Illiquid/unquoted,Metal,75.75,8.233,https://wwipl.com/,,,,,
Genesis Developers And Holdings Limited,Illiquid/unquoted,Financial Service,10.00,8.165,https://wwipl.com/,,,,,
The Puthutotam Estates 1943 Limited,Unlisted,"Tea, Coffee & Plantation",770.00,8.085,https://wwipl.com/,,,,,
Dr M Induscorp Limited,Illiquid/unquoted,Trading,10.00,7.560,https://wwipl.com/,,,,,
Bansal Multiflex Limited,Suspended,Trading,10.00,7.410,https://wwipl.com/,,,,,
Kothari Safe Deposits Limited,Unlisted,Other,110.00,7.402,https://wwipl.com/,,,,,
The Canara Workshops Limited,Unlisted,Auto Components,50.00,7.350,https://wwipl.com/,,,,,
IMC Limited,Delisted,Transport,10.00,7.238,https://wwipl.com/,,,,,
Satya Shyam Trading Limited,Illiquid/unquoted,Trading,22.65,7.221,https://wwipl.com/,,,,,
ZR Infra Limited,Illiquid/unquoted,Real Estate,6.15,7.128,https://wwipl.com/,,,,,
Nandini Texcom India Limited,Illiquid/unquoted,"Textiles, Yarn, Cotton & Spinning",14.00,7.000,https://wwipl.com/,,,,,
Asianlakto Industries Limited,Illiquid/unquoted,Food & Drinks,11.00,6.919,https://wwipl.com/,,,,,
Twenty First Century India Limited,Illiquid/unquoted,Investment & Holding,1.00,6.907,https://wwipl.com/,,,,,
Accuvant Advisory Services Limited,Illiquid/unquoted,Financial Service,10.15,6.889,https://wwipl.com/,,,,,
Ojswi Trades Investment And Finance Limited,Illiquid/unquoted,Financial Service,10.00,6.750,https://wwipl.com/,,,,,
Aggarsain Spinners Limited,Illiquid/unquoted,"Textiles, Yarn, Cotton & Spinning",19.20,6.726,https://wwipl.com/,,,,,
Bharat Ekansh Limited,Illiquid/unquoted,Financial Service,13.35,6.675,https://wwipl.com/,,,,,
Ashoka Viniyoga Limited,Unlisted,Investment & Holding,100.00,6.424,https://wwipl.com/,,,,,
Bharat Bio Gas Energy Limited,Unlisted,GAS,10.00,6.250,https://wwipl.com/,,,,,
Shradha Industries Limited,Illiquid/unquoted,"IT, Software",49.85,6.201,https://wwipl.com/,,,,,
Agarwal Bolts Limited,Unlisted,Equipment,"1,200.00",6.000,https://wwipl.com/,,,,,
Ankur Marketing Limited,Illiquid/unquoted,Financial Service,20.00,6.000,https://wwipl.com/,,,,,
PHF Leasing Limited,Illiquid/unquoted,Real Estate,17.00,5.916,https://wwipl.com/,,,,,
Rampur Fertilizers Limited,Illiquid/unquoted,Fertilisers,11.95,5.913,https://wwipl.com/,,,,,
Maryada Commercial Enterprises and Investment Co Ltd,Illiquid/unquoted,Financial Service,46.45,5.783,https://wwipl.com/,,,,,
JDS Finance Company Limited,Illiquid/unquoted,Financial Service,10.00,5.735,https://wwipl.com/,,,,,
Purbasha Resources Limited,Unlisted,Investment & Holding,19.00,5.702,https://wwipl.com/,,,,,
Adventz Securities Enterprises Limited,Illiquid/unquoted,Financial Service,10.00,5.628,https://wwipl.com/,,,,,
Aashrit Capital Limited,Illiquid/unquoted,Financial Service,5.00,5.601,https://wwipl.com/,,,,,
Milton Cycle Industries Limited,Unlisted,Other,132.00,5.544,https://wwipl.com/,,,,,
Quality Synthetic Industries Limited,Illiquid/unquoted,Financial Service,10.00,5.500,https://wwipl.com/,,,,,
I Secure Credit and Capital Services Limited,Illiquid/unquoted,Financial Service,10.00,5.433,https://wwipl.com/,,,,,
JCK Infrastructure Development Limited,Illiquid/unquoted,Infrastructure,13.00,5.417,https://wwipl.com/,,,,,
Hind Ispat Limited,Illiquid/unquoted,"Textiles, Yarn, Cotton & Spinning",2.10,5.395,https://wwipl.com/,,,,,
Goldedge Estate And Investments Limited,Illiquid/unquoted,Financial Service,10.50,5.379,https://wwipl.com/,,,,,
Newlink Overseas Finance Limited,Unlisted,Financial Service,10.00,5.301,https://wwipl.com/,,,,,
Accentia Technologies Limited,Delisted,"IT, Software",3.11,5.295,https://wwipl.com/,,,,,
Lark Trading and Finance Limited,Illiquid/unquoted,Trading,10.00,5.260,https://wwipl.com/,,,,,
National Cereals Products limited,Unlisted,Food & Drinks,39.50,5.192,https://wwipl.com/,,,,,
Indu Engineering And Textiles Limited,Illiquid/unquoted,"Textiles, Yarn, Cotton & Spinning",10.00,5.145,https://wwipl.com/,,,,,
Rich N Rich Finance And Holdings Limited,Illiquid/unquoted,Financial Service,10.10,5.050,https://wwipl.com/,,,,,
N E Electronics Limited,Illiquid/unquoted,Electronics,1.00,5.001,https://wwipl.com/,,,,,
Konark Commercial Limited,Illiquid/unquoted,Financial Service,10.00,5.000,https://wwipl.com/,,,,,
USS Global Limited,Illiquid/unquoted,Real Estate,10.00,5.000,https://wwipl.com/,,,,,
Pushkar Banijya Limited,Illiquid/unquoted,NBFC,10.01,4.984,https://wwipl.com/,,,,,
Centron Industrial Alliance Limited,Illiquid/unquoted,Other,0.50,4.980,https://wwipl.com/,,,,,
Sri Narayan Raj Kumar Merchants Limited,Illiquid/unquoted,"Metal, Steel & Iron",10.00,4.979,https://wwipl.com/,,,,,
Sun Finlease Gujarat Limited,Illiquid/unquoted,Financial Service,16.25,4.929,https://wwipl.com/,,,,,
Vadilal Chemicals Limited,Unlisted,Chemical,10.00,4.874,https://wwipl.com/,,,,,
Sidh Management Corporate Services Limited,Illiquid/unquoted,Financial Service,23.00,4.870,https://wwipl.com/,,,,,
Binani Industries Limited,Suspended,Diversified,1.50,4.705,https://wwipl.com/,,,,,
Amarkantak Traders Limited,Illiquid/unquoted,Service,11.95,4.508,https://wwipl.com/,,,,,
Skybox Industries Limited formerly smart cap Service ltd,Illiquid/unquoted,Miscellaneous,10.00,4.501,https://wwipl.com/,,,,,
Sarnimal Investment Limited,Illiquid/unquoted,Investment & Holding,1.00,4.498,https://wwipl.com/,,,,,
Tulya Alloy Castings Limited,Unlisted,"Metal, Steel & Iron",10.01,4.456,https://wwipl.com/,,,,,
Mcdowell Holdings Limited,Delisted,Financial Service,3.01,4.212,https://wwipl.com/,,,,,
CKP Products Limited,Suspended,FMCG,10.00,4.023,https://wwipl.com/,,,,,
Hilltone Software and Gases Limited,Unlisted,GAS,10.00,4.000,https://wwipl.com/,,,,,
Krimy Biscuits and Chemical Industries Limited,Illiquid/unquoted,Chemical,10.00,3.930,https://wwipl.com/,,,,,
Kamini Finance and Investment Company Limited,Illiquid/unquoted,Financial Service,3.25,3.901,https://wwipl.com/,,,,,
Sophia Exports Limited,Illiquid/unquoted,Miscellaneous,10.00,3.854,https://wwipl.com/,,,,,
Maxplus Logistics Limited,Illiquid/unquoted,Transport,10.00,3.834,https://wwipl.com/,,,,,
Skyline India Limited,Illiquid/unquoted,Trading,8.95,3.812,https://wwipl.com/,,,,,
Carbo Ceramics Limited,Unlisted,Miscellaneous,40.00,3.760,https://wwipl.com/,,,,,
Reliance Polycrete Limited,Illiquid/unquoted,Mining & Minerals,10.00,3.711,https://wwipl.com/,,,,,
Amrit Agro Industries Limited,Unlisted,FMCG,10.00,3.665,https://wwipl.com/,,,,,
Bellary Steels and Alloys Limited,Delisted,"Metal, Steel & Iron",0.05,3.657,https://wwipl.com/,,,,,
Mountain Spinning Mills Limited,Unlisted,Cotton,10.00,3.620,https://wwipl.com/,,,,,
Zel Jewellers Limited,Illiquid/unquoted,FMCG,10.00,3.550,https://wwipl.com/,,,,,
Roadways India Limited,Illiquid/unquoted,Transport,10.00,3.520,https://wwipl.com/,,,,,
Hindustan Auto Finance Limited,Illiquid/unquoted,Financial Service,10.00,3.503,https://wwipl.com/,,,,,
PIH Finvest Company Limited,Unlisted,Financial Service,39.10,3.411,https://wwipl.com/,,,,,
Madhya Bharat Papers Limited,Unlisted,Paper,10.00,3.410,https://wwipl.com/,,,,,
Opal Luxury Time Products Limited,Suspended,Miscellaneous,10.00,3.359,https://wwipl.com/,,,,,
Jain Farms Palm Oil Limited,Illiquid/unquoted,FMCG,11.15,3.345,https://wwipl.com/,,,,,
Parijat Paper Mills Limited,Illiquid/unquoted,Paper,10.00,3.290,https://wwipl.com/,,,,,
New Era Alkaloids and Export Limited,Illiquid/unquoted,Chemical,10.00,3.284,https://wwipl.com/,,,,,
Nitu Trading Company Limited,Illiquid/unquoted,Trading,10.00,3.275,https://wwipl.com/,,,,,
Atlas Cycles Haryana Ltd,Suspended,FMCG,5.00,3.252,https://wwipl.com/,,,,,
Fiber Plus Industries Limited,Illiquid/unquoted,Miscellaneous,10.00,3.248,https://wwipl.com/,,,,,
RR Corporate Securities Limited,Illiquid/unquoted,Financial Service,10.00,3.200,https://wwipl.com/,,,,,
Vadilal Dairy International Limited,Delisted,Dairy,10.00,3.194,https://wwipl.com/,,,,,
Austral Coke and Projects Limited,Suspended,Metal,0.11,3.193,https://wwipl.com/,,,,,
Ritman Infra Limited,Illiquid/unquoted,Real Estate,10.00,3.193,https://wwipl.com/,,,,,
Technical Associates Infrapower Limited,Illiquid/unquoted,Engineering,5.30,3.180,https://wwipl.com/,,,,,
Regal Enterprises Limited,Illiquid/unquoted,Miscellaneous,10.00,3.165,https://wwipl.com/,,,,,
Prabhat Securities Limited,Illiquid/unquoted,Financial Service,10.80,3.132,https://wwipl.com/,,,,,
Aurum Capital Projects Limited,Illiquid/unquoted,Financial Service,9.70,3.114,https://wwipl.com/,,,,,
Tarangini Investments Limited,Illiquid/unquoted,Investment & Holding,1.00,3.106,https://wwipl.com/,,,,,
River Front Hotels Limited,Illiquid/unquoted,Hotel or Catering,10.30,3.098,https://wwipl.com/,,,,,
Encore Business System Limited,Illiquid/unquoted,Miscellaneous,10.00,3.097,https://wwipl.com/,,,,,
Gracious Vanijya Limited,Illiquid/unquoted,Financial Service,13.50,3.084,https://wwipl.com/,,,,,
Jain Farms And Resorts Limited,Illiquid/unquoted,Real Estate,10.25,3.075,https://wwipl.com/,,,,,
Grand Foundry Ltd,Delisted,"Metal, Steel & Iron",1.01,3.073,https://wwipl.com/,,,,,
Lingapur Estates Limited,Unlisted,"Tea, Coffee & Plantation",20.00,3.068,https://wwipl.com/,,,,,
RCS Financial Technology Limited,Illiquid/unquoted,Financial Service,10.00,3.065,https://wwipl.com/,,,,,
Slesha Commercial Limited,Illiquid/unquoted,Financial Service,10.00,3.049,https://wwipl.com/,,,,,
Sicom Limited,Unlisted,NBFC,0.50,3.038,https://wwipl.com/,,,,,
Amrit India Limited,Illiquid/unquoted,Service,10.00,3.038,https://wwipl.com/,,,,,
Samyak Corporation Limited,Illiquid/unquoted,Financial Service,9.95,3.034,https://wwipl.com/,,,,,
Kiranglobal Business Investment Limited,Illiquid/unquoted,Financial Service,10.00,3.022,https://wwipl.com/,,,,,
Kumar Food Industries Limited,Illiquid/unquoted,FMCG,10.00,3.000,https://wwipl.com/,,,,,
Fedders Electric and Engineering Limited,Suspended,Engineering,0.10,3.000,https://wwipl.com/,,,,,
Nakoda Limited,Suspended,"Textiles, Yarn, Cotton & Spinning",0.01,3.000,https://wwipl.com/,,,,,
Ellora Traders Limited,Illiquid/unquoted,Financial Service,10.00,2.992,https://wwipl.com/,,,,,
Baghmari Tea Co Ltd,Unlisted,Other,90.00,2.970,https://wwipl.com/,,,,,
Udaipur Cotton Mills Company Limited,Illiquid/unquoted,"Textiles, Yarn, Cotton & Spinning",10.00,2.929,https://wwipl.com/,,,,,
Greenearth Resources And Projects Limited,Delisted,Mining & Minerals,0.10,2.903,https://wwipl.com/,,,,,
Supraneet Finance and Consultants Limited,Illiquid/unquoted,Financial Service,10.00,2.877,https://wwipl.com/,,,,,
The Teloijan Tea Company Limited,Unlisted,"Tea, Coffee & Plantation",160.00,2.870,https://wwipl.com/,,,,,
SNS Laboratories Limited,Illiquid/unquoted,Financial Service,10.00,2.863,https://wwipl.com/,,,,,
KRA Leasing Limited,Illiquid/unquoted,Financial Service,2.05,2.750,https://wwipl.com/,,,,,
Celestial Biolabs Limited,Suspended,Pharma,1.21,2.733,https://wwipl.com/,,,,,
JRD Finance Limited,Illiquid/unquoted,Financial Service,10.00,2.720,https://wwipl.com/,,,,,
Distinctive Properties and Leasing Ltd,Illiquid/unquoted,Real Estate,26.85,2.678,https://wwipl.com/,,,,,
Amarawati Tea Co Ltd,Unlisted,Other,"2,200.00",2.640,https://wwipl.com/,,,,,
Indo Bonito Multinational Limited,Delisted,Financial Service,1.00,2.494,https://wwipl.com/,,,,,
Hirajuli Tea Company Limited,Unlisted,"Tea, Coffee & Plantation",160.00,2.450,https://wwipl.com/,,,,,
Ace Stone Craft Limited,Illiquid/unquoted,Ceramics & Granite,1.04,2.443,https://wwipl.com/,,,,,
Valecha Engineering Limited,Suspended,Engineering,1.05,2.366,https://wwipl.com/,,,,,
Thanjavur Spinning Mill Limited,Unlisted,"Textiles, Yarn, Cotton & Spinning",20.00,2.347,https://wwipl.com/,,,,,
Brisk Services Limited,Illiquid/unquoted,Service,31.00,2.309,https://wwipl.com/,,,,,
Mrigaya Estate And Finance Limited,Illiquid/unquoted,Financial Service,14.45,2.211,https://wwipl.com/,,,,,
Spangle Marketing Limited,Illiquid/unquoted,Financial Service,10.00,2.202,https://wwipl.com/,,,,,
Dhelakhat Tea Co Ltd,Unlisted,Other,55.00,2.160,https://wwipl.com/,,,,,
Purity Flexpack Limited,Illiquid/unquoted,Packaging,20.00,2.147,https://wwipl.com/,,,,,
Birla Power Solution Limited,Delisted,Electric Equipment,0.01,2.135,https://wwipl.com/,,,,,
Nidhi Services Limited,Illiquid/unquoted,Service,14.02,2.103,https://wwipl.com/,,,,,
Kalyani Tea Co Limited,Unlisted,"Tea, Coffee & Plantation",210.00,2.075,https://wwipl.com/,,,,,
Associated Ceramics Limited,Delisted,Engineering,10.00,2.045,https://wwipl.com/,,,,,
E L Forge Limited,Delisted,"Metal, Steel & Iron",1.00,2.032,https://wwipl.com/,,,,,
Eastern Dooars Tea Co ltd,Illiquid/unquoted,"Tea, Coffee & Plantation",101.00,2.020,https://wwipl.com/,,,,,
Saanvi Advisors Limited,Illiquid/unquoted,Financial Service,10.00,2.011,https://wwipl.com/,,,,,
Capital Finvest Limited,Illiquid/unquoted,Financial Service,10.00,2.000,https://wwipl.com/,,,,,
Amar Vanijya Limited,Illiquid/unquoted,Miscellaneous,10.00,1.992,https://wwipl.com/,,,,,
Pillar Investment Company Limited,Illiquid/unquoted,Investment & Holding,10.00,1.985,https://wwipl.com/,,,,,
P R Holdings Limited,Illiquid/unquoted,Real Estate,10.00,1.890,https://wwipl.com/,,,,,
Kanco Enterprises Limited,Delisted,Cotton,1.00,1.793,https://wwipl.com/,,,,,
Gujarat Wedge Wire Screens Limited,Delisted,Miscellaneous,20.00,1.645,https://wwipl.com/,,,,,
Ritz Mercantile Limited,Illiquid/unquoted,Financial Service,15.25,1.601,https://wwipl.com/,,,,,
Sharp Commercial Enterprises Limited,Illiquid/unquoted,Retail,10.00,1.590,https://wwipl.com/,,,,,
Simplex Projects Limited,Suspended,Engineering,1.20,1.512,https://wwipl.com/,,,,,
Alchemist Limited,Suspended,Miscellaneous,1.11,1.505,https://wwipl.com/,,,,,
Nidhan Commercial Company Ltd,Illiquid/unquoted,Miscellaneous,50.40,1.504,https://wwipl.com/,,,,,
Electra Jaipur Limited,Illiquid/unquoted,Electricals,10.00,1.496,https://wwipl.com/,,,,,
Be Swasth Healthcare Limited,Illiquid/unquoted,Healthcare,13.25,1.483,https://wwipl.com/,,,,,
Jeco Exports And Finance Limited,Illiquid/unquoted,Financial Service,10.00,1.482,https://wwipl.com/,,,,,
Uttaranchal Leasing Limited,Illiquid/unquoted,Financial Service,10.10,1.414,https://wwipl.com/,,,,,
Uddhav Properties Limited,Illiquid/unquoted,Financial Service,10.00,1.410,https://wwipl.com/,,,,,
SNS Diagnostics Limited,Illiquid/unquoted,Financial Service,10.00,1.350,https://wwipl.com/,,,,,
Mangalam Engineering Projects Limited,Illiquid/unquoted,Financial Service,10.10,1.237,https://wwipl.com/,,,,,
Aditri Industries Limited,Illiquid/unquoted,"Textiles, Yarn, Cotton & Spinning",0.96,1.197,https://wwipl.com/,,,,,
Denim Developers Limited,Illiquid/unquoted,Real Estate,1.10,1.168,https://wwipl.com/,,,,,
SAB Electronic Devices Limited,Illiquid/unquoted,Electronics,10.00,1.160,https://wwipl.com/,,,,,
Impala Industrial Enterprises Limited,Illiquid/unquoted,Financial Service,1.05,1.155,https://wwipl.com/,,,,,
Abhinandan Enterprises Limited,Illiquid/unquoted,Financial Service,10.00,1.155,https://wwipl.com/,,,,,
Avail Holding Limited,Illiquid/unquoted,Real Estate,10.00,1.150,https://wwipl.com/,,,,,
Devrup Trading Limited,Illiquid/unquoted,Financial Service,10.00,1.130,https://wwipl.com/,,,,,
Technofab Engineering Ltd,Suspended,Engineering,1.05,1.101,https://wwipl.com/,,,,,
Nawratan Arts Limited,Illiquid/unquoted,Trading,10.00,1.100,https://wwipl.com/,,,,,
Basant India Limited,Illiquid/unquoted,Financial Service,1.05,1.083,https://wwipl.com/,,,,,
Blue Blends India Limited,Suspended,"Textiles, Yarn, Cotton & Spinning",0.50,1.083,https://wwipl.com/,,,,,
Shri Gurudev En Trade Limited,Illiquid/unquoted,Financial Service,10.00,1.076,https://wwipl.com/,,,,,
PB Global Limited,Delisted,Pesticides,10.00,1.050,https://wwipl.com/,,,,,
The Southern Gas Limited,Unlisted,GAS,451.00,1.015,https://wwipl.com/,,,,,
Bhairav Enterprises Limited,Illiquid/unquoted,Financial Service,10.00,1.000,https://wwipl.com/,,,,,
Fortune Industrial Resources Limited,Illiquid/unquoted,Financial Service,10.00,1.000,https://wwipl.com/,,,,,
Rishabh Enterprises Limited,Illiquid/unquoted,Financial Service,10.00,1.000,https://wwipl.com/,,,,,
Shreyans Financial And Capital Services Limited,Illiquid/unquoted,Financial Service,10.00,1.000,https://wwipl.com/,,,,,
SNS Properties And Leasing Limited,Illiquid/unquoted,Real Estate,10.00,1.000,https://wwipl.com/,,,,,
Skyweb Infotech Limited,Illiquid/unquoted,"IT, Software",10.00,1.000,https://wwipl.com/,,,,,
Premium Merchants Limited,Illiquid/unquoted,Trading,10.00,0.998,https://wwipl.com/,,,,,
Dhaval Exports Limited,Illiquid/unquoted,"Textiles, Yarn, Cotton & Spinning",10.00,0.996,https://wwipl.com/,,,,,
Infinium Precious Resources Limited,Illiquid/unquoted,Precious Metals,1.00,0.961,https://wwipl.com/,,,,,
Porsche Capital Market Limited,Illiquid/unquoted,Financial Service,0.50,0.948,https://wwipl.com/,,,,,
Teesta Valley Tea Company Limited,Unlisted,Agriculture & Agro Products,63.00,0.945,https://wwipl.com/,,,,,
Winmore Leasing And Holdings Limited,Illiquid/unquoted,Investment & Holding,9.20,0.919,https://wwipl.com/,,,,,
Emrald Commercial Limited,Illiquid/unquoted,Financial Service,0.21,0.916,https://wwipl.com/,,,,,
Associated Finman Limited,Illiquid/unquoted,"Textiles, Yarn, Cotton & Spinning",10.00,0.905,https://wwipl.com/,,,,,
Arcuttipore Tea Company Limited,Delisted,"Tea, Coffee & Plantation",1.80,0.903,https://wwipl.com/,,,,,
Reliance Infotek Limited,Illiquid/unquoted,Trading,1.00,0.900,https://wwipl.com/,,,,,
NMS Resources Global Limited,Illiquid/unquoted,Service,2.85,0.857,https://wwipl.com/,,,,,
N K Textile Industries Limited,Illiquid/unquoted,"Textiles, Yarn, Cotton & Spinning",10.00,0.840,https://wwipl.com/,,,,,
Newage Marketing Limited,Illiquid/unquoted,Healthcare,10.00,0.836,https://wwipl.com/,,,,,
The Arya Vaidya Pharmacy coimbatore Limited,Unlisted,Pharma,1.00,0.823,https://wwipl.com/,,,,,
Molind Engineering Limited,Illiquid/unquoted,Engineering,3.20,0.811,https://wwipl.com/,,,,,
Abhishek Corporation Limited,Suspended,"Textiles, Yarn, Cotton & Spinning",0.50,0.800,https://wwipl.com/,,,,,
Priya International Limited,Illiquid/unquoted,"IT, Software",7.50,0.747,https://wwipl.com/,,,,,
Shree Vijay Industries Limited,Illiquid/unquoted,"Textiles, Yarn, Cotton & Spinning",10.00,0.743,https://wwipl.com/,,,,,
Atlantic Commercial Company Limited,Illiquid/unquoted,Miscellaneous,10.00,0.735,https://wwipl.com/,,,,,
Sunita Bonds and Holdings Limited,Illiquid/unquoted,Investment & Holding,10.00,0.695,https://wwipl.com/,,,,,
Gaylord Commercial Company Limited,Illiquid/unquoted,Financial Service,10.00,0.640,https://wwipl.com/,,,,,
Apeejay Tea Limited,Delisted,"Tea, Coffee & Plantation",101.00,0.621,https://wwipl.com/,,,,,
Castle Traders Limited,Illiquid/unquoted,Financial Service,25.00,0.613,https://wwipl.com/,,,,,
MVL Limited,Suspended,Real Estate,0.01,0.601,https://wwipl.com/,,,,,
Gitanjali Gems Limited,Suspended,Miscellaneous,0.05,0.573,https://wwipl.com/,,,,,
Shilpi Cable Technologies Limited,Delisted,Cables,0.05,0.553,https://wwipl.com/,,,,,
Supreme Commercial Enterprises Limited,Illiquid/unquoted,Financial Service,10.00,0.536,https://wwipl.com/,,,,,
KSK Energy Ventures Limited,Suspended,Power & Electricity,0.01,0.424,https://wwipl.com/,,,,,
DQ Entertainment  International Limited,Suspended,Entertainment,0.05,0.396,https://wwipl.com/,,,,,
Kabirdas Investments Limited,Illiquid/unquoted,Financial Service,1.00,0.396,https://wwipl.com/,,,,,
Bhagheeratha Engineering Ltd,Delisted,Construction,0.50,0.391,https://wwipl.com/,,,,,
Usher Agro Limited,Delisted,Agriculture & Agro Products,0.05,0.388,https://wwipl.com/,,,,,
TECIL Chemicals And Hydro Power Ltd,Suspended,Chemical,0.20,0.379,https://wwipl.com/,,,,,
Flare Finance India Limited,Illiquid/unquoted,Financial Service,0.20,0.371,https://wwipl.com/,,,,,
Online Information Technologies Limited,Illiquid/unquoted,"IT, Software",0.20,0.319,https://wwipl.com/,,,,,
Entegra Limited,Delisted,Power & Electricity,0.01,0.317,https://wwipl.com/,,,,,
Rathi Steel and Power Limited,Delisted,"Metal, Steel & Iron",0.10,0.313,https://wwipl.com/,,,,,
P K Leasing And Finance Limited,Illiquid/unquoted,Financial Service,1.00,0.311,https://wwipl.com/,,,,,
Twenty First  Century Securities Limited,Illiquid/unquoted,Service,1.00,0.301,https://wwipl.com/,,,,,
S Kumars Nationwide Limited,Delisted,"Textiles, Yarn, Cotton & Spinning",0.01,0.297,https://wwipl.com/,,,,,
Abacus Computers Limited,Delisted,"IT, Software",1.00,0.285,https://wwipl.com/,,,,,
SRS Limited,Suspended,Miscellaneous,0.01,0.279,https://wwipl.com/,,,,,
Jord Engineers India Limited,Delisted,Engineering,0.10,0.276,https://wwipl.com/,,,,,
Besta Vision Electronics Limited,Illiquid/unquoted,Electric Equipment,0.10,0.271,https://wwipl.com/,,,,,
VHCL Industries Limited,Delisted,Metal,0.01,0.257,https://wwipl.com/,,,,,
Bharati Defence and Infrastructure Limited,Suspended,Shipping,0.05,0.251,https://wwipl.com/,,,,,
Morn Media Limited,Illiquid/unquoted,Publication,5.01,0.251,https://wwipl.com/,,,,,
Lacy Limited,Illiquid/unquoted,FMCG,5.01,0.248,https://wwipl.com/,,,,,
SEMAYA LIMITED,Illiquid/unquoted,Financial Service,9.99,0.248,https://wwipl.com/,,,,,
Anus Laboratories Limited,Delisted,Pharma,0.01,0.242,https://wwipl.com/,,,,,
Moser Baer Limited,Delisted,Renewable Energy,0.01,0.222,https://wwipl.com/,,,,,
Bilpower Limited,Delisted,"Metal, Steel & Iron",0.10,0.210,https://wwipl.com/,,,,,
The Tropical Plantations Limited,Unlisted,"Tea, Coffee & Plantation",10.00,0.200,https://wwipl.com/,,,,,
Resurgere Mines and Minerals Limited,Suspended,Mining & Minerals,0.01,0.199,https://wwipl.com/,,,,,
Girdharilal Sugar and Allied Industries,Delisted,FMCG,0.10,0.192,https://wwipl.com/,,,,,
Pochiraju Industries Limited,Delisted,Miscellaneous,0.10,0.189,https://wwipl.com/,,,,,
Cox and Kings Financial Service Limited,Suspended,Financial Service,0.01,0.177,https://wwipl.com/,,,,,
Euro Ceramics Limited,Suspended,Ceramics & Granite,0.05,0.169,https://wwipl.com/,,,,,
Best and Crompton Engineering Limited,Delisted,Engineering,0.01,0.161,https://wwipl.com/,,,,,
Talwalkars Healthclubs Limited,Suspended,Healthcare,0.05,0.155,https://wwipl.com/,,,,,
Nu Tek India Ltd,Suspended,Telecomm,0.01,0.155,https://wwipl.com/,,,,,
Atcom Technologies Limited,Suspended,Electronics,0.10,0.153,https://wwipl.com/,,,,,
Laffan Software Limited,Illiquid/unquoted,"IT, Software",0.10,0.152,https://wwipl.com/,,,,,
SM Dyechem Limited,Delisted,Dyes & Pigment,0.10,0.148,https://wwipl.com/,,,,,
Eastern Sugar And Industries Ltd,Suspended,Sugar,0.05,0.146,https://wwipl.com/,,,,,
Shirpur Gold Refinery Limited,Suspended,Mining & Minerals,0.05,0.146,https://wwipl.com/,,,,,
Winsome Yarns Limited,Suspended,"Textiles, Yarn, Cotton & Spinning",0.02,0.141,https://wwipl.com/,,,,,
Namaste Exports Limited,Delisted,"Textiles, Yarn, Cotton & Spinning",0.01,0.137,https://wwipl.com/,,,,,
Surana Industries Limited,Delisted,Trading,0.03,0.134,https://wwipl.com/,,,,,
Logic Infotech Limited,Illiquid/unquoted,Financial Service,0.05,0.132,https://wwipl.com/,,,,,
Autoriders Finance Ltd,Delisted,Financial Service,0.10,0.131,https://wwipl.com/,,,,,
Rakan Steels Limited,Illiquid/unquoted,"Metal, Steel & Iron",0.04,0.130,https://wwipl.com/,,,,,
The Kohinoor Tea Co Limited,Unlisted,"Tea, Coffee & Plantation",110.01,0.129,https://wwipl.com/,,,,,
PSL Limited,Suspended,"Metal, Steel & Iron",0.01,0.125,https://wwipl.com/,,,,,
Zicom Electronic Security Systems Ltd,Suspended,Electronics,0.03,0.124,https://wwipl.com/,,,,,
Hanung Toys and Textiles Limited,Delisted,"Textiles, Yarn, Cotton & Spinning",0.04,0.123,https://wwipl.com/,,,,,
Euro Multivision Limited,Suspended,Miscellaneous,0.05,0.119,https://wwipl.com/,,,,,
XL Energy Limited,Suspended,Renewable Energy,0.05,0.114,https://wwipl.com/,,,,,
ABG Shipyard Limited,Delisted,Shipping,0.02,0.108,https://wwipl.com/,,,,,
Macor Packaging Limited,Illiquid/unquoted,Transport,2.10,0.105,https://wwipl.com/,,,,,
Consolidated Fibres And Chemicals Limited,Delisted,Chemical,0.01,0.104,https://wwipl.com/,,,,,
Padmini Technologies Limited,Delisted,Plastic,0.02,0.103,https://wwipl.com/,,,,,
Arihant Classic Finance Limited,Illiquid/unquoted,Financial Service,0.10,0.101,https://wwipl.com/,,,,,
First Winner Industries Limited,Delisted,"Textiles, Yarn, Cotton & Spinning",0.02,0.100,https://wwipl.com/,,,,,
Pushpanjali Realms and Infratech Limited,Suspended,Real Estate,0.10,0.100,https://wwipl.com/,,,,,
Naraingarh Sugar Mills Limited,Delisted,Sugar,0.05,0.095,https://wwipl.com/,,,,,
STI India Ltd,Suspended,"Textiles, Yarn, Cotton & Spinning",0.03,0.087,https://wwipl.com/,,,,,
Samtel Color Limited,Delisted,Electricals,0.01,0.085,https://wwipl.com/,,,,,
Dolphin Offshore Enterprises india limited,Suspended,"Energy, Oil & Gas",0.05,0.084,https://wwipl.com/,,,,,
LML Limited,Delisted,Auto Components,0.01,0.082,https://wwipl.com/,,,,,
Sree Maruthi Marine Industries Limited,Illiquid/unquoted,FMCG,1.05,0.082,https://wwipl.com/,,,,,
Delta Impex Limited,Illiquid/unquoted,Financial Service,1.50,0.081,https://wwipl.com/,,,,,
Value Industries Limited,Suspended,FMCG,0.02,0.078,https://wwipl.com/,,,,,
Vimal Oil And Foods Limited,Suspended,Food & Beverages,0.05,0.075,https://wwipl.com/,,,,,
Vikash Metal And Power Limited,Delisted,Metal,0.01,0.071,https://wwipl.com/,,,,,
Supreme Tex Mart Limited,Delisted,"Textiles, Yarn, Cotton & Spinning",0.01,0.068,https://wwipl.com/,,,,,
Todays Writing Instruments Limited,Delisted,FMCG,0.05,0.064,https://wwipl.com/,,,,,
Hind Syntex Limited,Suspended,"Textiles, Yarn, Cotton & Spinning",0.05,0.064,https://wwipl.com/,,,,,
Talwalkars Better Value Fitness Limited,Suspended,Healthcare,0.02,0.062,https://wwipl.com/,,,,,
Nextgen Animation Mediaa Limited,Delisted,Media,0.01,0.062,https://wwipl.com/,,,,,
Zylog Systems Limited,Suspended,"IT, Software",0.01,0.059,https://wwipl.com/,,,,,
Tulsi Extrusions Limited,Suspended,Plastic,0.02,0.055,https://wwipl.com/,,,,,
Allsoft Corporation Limited,Delisted,Trading,0.05,0.051,https://wwipl.com/,,,,,
Nijjer Agro Foods Limited,Delisted,Agro Products,0.05,0.051,https://wwipl.com/,,,,,
Lamina Foundries Limited,Unlisted,Auto Components,0.11,0.051,https://wwipl.com/,,,,,
Regency World Consulting Limited,Illiquid/unquoted,Media,0.50,0.050,https://wwipl.com/,,,,,
Surana Corporation Limited,Delisted,"Metal, Steel & Iron",0.02,0.049,https://wwipl.com/,,,,,
ITL Finlease and Securities Limited,Illiquid/unquoted,Financial Service,0.10,0.048,https://wwipl.com/,,,,,
Ancient Leasing Finance and Investment Co Limited,Illiquid/unquoted,Financial Service,0.10,0.046,https://wwipl.com/,,,,,
Servalakshmi Paper Limited,Delisted,Paper,0.01,0.043,https://wwipl.com/,,,,,
Zigma Software Limited,Delisted,"IT, Software",0.01,0.042,https://wwipl.com/,,,,,
Motorol Enterprises Limited,Unlisted,Construction,10.00,0.040,https://wwipl.com/,,,,,
ATN International Ltd,Delisted,Financial Service,0.01,0.039,https://wwipl.com/,,,,,
Pretto Leather Industries Limited,Delisted,Leather Products,0.05,0.039,https://wwipl.com/,,,,,
Visu International Limited,Suspended,"IT, Software",0.01,0.038,https://wwipl.com/,,,,,
The Canara Sales Corporation Limited,Unlisted,Miscellaneous,1.10,0.037,https://wwipl.com/,,,,,
Arihant Threads Limited,Delisted,"Textiles, Yarn, Cotton & Spinning",0.01,0.036,https://wwipl.com/,,,,,
Modern Thread Ltd,Suspended,"Textiles, Yarn, Cotton & Spinning",0.01,0.035,https://wwipl.com/,,,,,
Ess Dee Aluminium Limited,Suspended,FMCG,0.01,0.032,https://wwipl.com/,,,,,
City Gold Credit Capital Limited,Illiquid/unquoted,Bank,0.10,0.032,https://wwipl.com/,,,,,
Avro Commercial Company Limited,Illiquid/unquoted,Financial Service,0.10,0.031,https://wwipl.com/,,,,,
Uniworth International Limited,Delisted,Retail,0.02,0.030,https://wwipl.com/,,,,,
Sita Shree Food Products Limited,Suspended,Food & Beverages,0.01,0.028,https://wwipl.com/,,,,,
Amar Remedies Limited,Delisted,FMCG,0.01,0.026,https://wwipl.com/,,,,,
DS Kulkarni Developers Limited,Suspended,Construction,0.01,0.026,https://wwipl.com/,,,,,
Five Core Electronics Limited,Suspended,Electricals,0.02,0.025,https://wwipl.com/,,,,,
Ponni Sugars Orissa Limited,Delisted,Sugar,0.01,0.025,https://wwipl.com/,,,,,
Bhuruka Gases Limited,Delisted,GAS,0.01,0.013,https://wwipl.com/,,,,,
Zenith Infotech Limited,Delisted,"IT, Software",0.01,0.013,https://wwipl.com/,,,,,
Anupama Steel Limited,Illiquid/unquoted,"Metal, Steel & Iron",0.05,0.010,https://wwipl.com/,,,,,
DD Ventures Limited,Illiquid/unquoted,Financial Service,0.10,0.009,https://wwipl.com/,,,,,
The Patna Electric Supply Co Limited,Illiquid/unquoted,Electric Equipment,0.10,0.005,https://wwipl.com/,,,,,
K2 Systems Limited,Illiquid/unquoted,"IT, Software",0.10,0.004,https://wwipl.com/,,,,,
Alacrity Electronics Limited,Delisted,Electronics,0.01,0.003,https://wwipl.com/,,,,,
Morning Glory Leasing And Finance Limited,Illiquid/unquoted,Financial Service,0.10,0.002,https://wwipl.com/,,,,,
Temple Leasing And Finance Limited,Illiquid/unquoted,Financial Service,0.10,0.002,https://wwipl.com/,,,,,
Shinewell Leasing Limited,Illiquid/unquoted,Real Estate,0.10,0.002,https://wwipl.com/,,,,,
Goalpost Industries Limited,Illiquid/unquoted,Leather Products,0.10,0.002,https://wwipl.com/,,,,,
Alirox Abrasives Limited,Illiquid/unquoted,Abrasives,0.10,0.002,https://wwipl.com/,,,,,
Champion Commercial Co Ltd,Illiquid/unquoted,Chemical,0.10,0.002,https://wwipl.com/,,,,,
Ayushman Infratech Limited,Illiquid/unquoted,Financial Service,0.10,0.002,https://wwipl.com/,,,,,
Mayurbhanj Trades And Agencies Limited,Illiquid/unquoted,Trading,0.10,0.002,https://wwipl.com/,,,,,
Soma Papers And Industries Limited,Delisted,Investment & Holding,0.01,0.001,https://wwipl.com/,,,,,
Mashaal Impex Limited,Illiquid/unquoted,Retail,0.05,0.001,https://wwipl.com/,,,,,
Shree Krishna Jute Products Limited,Illiquid/unquoted,"Textiles, Yarn, Cotton & Spinning",0.05,0.001,https://wwipl.com/,,,,,
Buckingham Industries Limited,Illiquid/unquoted,Real Estate,0.05,0.001,https://wwipl.com/,,,,,
Nature India Communique Limited,Illiquid/unquoted,Service,0.05,0.001,https://wwipl.com/,,,,,
Supra Industrial Resources Limited,Illiquid/unquoted,Financial Service,0.01,0.000,https://wwipl.com/,,,,,
Efficient Industrial Finance Limited,Illiquid/unquoted,Financial Service,0.01,0.000,https://wwipl.com/,,,,,
Patback Business Limited,Illiquid/unquoted,Retail,0.01,0.000,https://wwipl.com/,,,,,
Chengmari Tea Company Limited,Unlisted,"Tea, Coffee & Plantation",0.10,0.000,https://wwipl.com/,,,,,
Five Star Business Finance Limited Unlisted Shares,,,520,,https://www.unlisteddeal.com/unlisted-share/,100.0,,,,
Oravel Stays Limited (OYO) Unlisted Shares,,,-,,https://www.unlisteddeal.com/unlisted-share/,1000.0,,,,
Tata Technologies Limited Unlisted Shares,,,-,,https://www.unlisteddeal.com/unlisted-share/,50.0,,,,
API Holdings Limited (PharmEasy) Unlisted Shares,,,Best in Industry,,https://www.unlisteddeal.com/unlisted-share/,1000.0,,,,
Hexaware Technologies Limited Unlisted Shares,,,Best In Industry,,https://www.unlisteddeal.com/unlisted-share/,100.0,,,,
HDB Financial Services Unlisted Shares,,,Best In Industry,,https://www.unlisteddeal.com/unlisted-share/,100.0,,,,
Fino Paytech Limited Unlisted Shares,,,Best in Industry,,https://www.unlisteddeal.com/unlisted-share/,100.0,,,,
Motilal Oswal (Erstwhile Aspire) Home Finance Limited Unlisted Shares,,,Best in Industry,,https://www.unlisteddeal.com/unlisted-share/,1000.0,,,,
Metropolitan Stock Exchange of India (MSEI) Limited Unlisted Shares,,,Best in Industry,,https://www.unlisteddeal.com/unlisted-share/,10000.0,,,,
Indian Commodity Exchange Limited (ICEX) Unlisted Shares,,,Best in Industry,,https://www.unlisteddeal.com/unlisted-share/,1000.0,,,,
Indian Commodity Exchange Limited (ICEX) Unlisted Shares,,,Best in Industry,,https://www.unlisteddeal.com/unlisted-share/,1000.0,,,,
Reliance Retail Limited Unlisted Shares,,,Best in Industry,,https://www.unlisteddeal.com/unlisted-share/,100.0,,,,
HDFC Securities Limited Unlisted Shares,,,Best in Industry,,https://www.unlisteddeal.com/unlisted-share/,10.0,,,,
Hero FinCorp Limited Unlisted Shares,,,Best in Industry,,https://www.unlisteddeal.com/unlisted-share/,100.0,,,,
Care (Religare) Health Insurance Limited Unlisted Shares,,,Best in Industry,,https://www.unlisteddeal.com/unlisted-share/,1000.0,,,,
Suryoday Small Finance Bank Limited Unlisted Shares,,,Best in Industry,,https://www.unlisteddeal.com/unlisted-share/,100.0,,,,
Nazara Technologies Limited Unlisted Shares,,,Best in Industry,,https://www.unlisteddeal.com/unlisted-share/,100.0,,,,
One97 Communications Limited- Paytm Unlisted Shares,,,Best in Industry,,https://www.unlisteddeal.com/unlisted-share/,10.0,,,,
Studds Accessories Limited Unlisted Shares,,,Best in Industry,,https://www.unlisteddeal.com/unlisted-share/,100.0,,,,
Chennai Super Kings Cricket Limited Unlisted Shares,,,Best in Industry,,https://www.unlisteddeal.com/unlisted-share/,2500.0,,,,
Kurlon Enterprise Limited Unlisted Shares,,,Best in Industry,,https://www.unlisteddeal.com/unlisted-share/,100.0,,,,
Utkarsh Coreinvest Limited Unlisted Shares,,,Best in Industry,,https://www.unlisteddeal.com/unlisted-share/,100.0,,,,
Tamilnad Mercantile Bank Limited Unlisted Shares,,,Best in Industry,,https://www.unlisteddeal.com/unlisted-share/,100.0,,,,
Kannur International Airport Limited Unlisted Shares,,,Best in Industry,,https://www.unlisteddeal.com/unlisted-share/,100.0,,,,
Cochin International Airport Limited Unlisted Shares,,,Best in Industry,,https://www.unlisteddeal.com/unlisted-share/,100.0,,,,
NCL Buildtek Limited Unlisted Shares,,,Best in Industry,,https://www.unlisteddeal.com/unlisted-share/,100.0,,,,
Sterlite Power Transmission Limited Unlisted Shares,,,Best in Industry,,https://www.unlisteddeal.com/unlisted-share/,500.0,,,,
Indofil Industries Limited Unlisted Shares,,,Best in Industry,,https://www.unlisteddeal.com/unlisted-share/,100.0,,,,
National Stock Exchange of India Limited Unlisted Shares,,,-,,https://www.unlisteddeal.com/unlisted-share/,2000.0,,,,
Mohan Meakin Limited Unlisted Shares,,,Best in Industry,,https://www.unlisteddeal.com/unlisted-share/,100.0,,,,
Carrier Airconditioning & Refrigeration Limited Unlisted Shares,,,Best in Industry,,https://www.unlisteddeal.com/unlisted-share/,100.0,,,,
Nayara Energy Limited (Formerly Essar oil) Unlisted Shares,,,Best in Industry,,https://www.unlisteddeal.com/unlisted-share/,100.0,,,,
Capital Small Finance Bank Limited Unlisted Shares,,,Best in Industry,,https://www.unlisteddeal.com/unlisted-share/,100.0,,,,
UTI AMC Limited Unlisted Shares,,,Best in Industry,,https://www.unlisteddeal.com/unlisted-share/,50.0,,,,
Atlas Copco (India) Limited,,Industrials - Machinery,"5,780",,https://rurashfin.com/unlisted-shares-list/,,35,,,
Axles India Ltd,,Auto Anciliary,190,,https://rurashfin.com/unlisted-shares-list/,,"1,170",,,
B9 Beverages Private Limited,,Brewery,805,,https://rurashfin.com/unlisted-shares-list/,,230,,,
Capgemini Technology Services India Limited,,IT & KPO,"10,900",,https://rurashfin.com/unlisted-shares-list/,,20,,,
Capital Small Finance Bank Limited,,Small Finance Bank,300,,https://rurashfin.com/unlisted-shares-list/,,560,,,
Care Health Insurance Limited (Erstwhile Religare Health Insurance Co. Ltd),,BFSI - Insurance,173,,https://rurashfin.com/unlisted-shares-list/,,"1,390",,,
Carrier Airconditioning & Refrigeration Ltd.,,Air Conditioner,287,,https://rurashfin.com/unlisted-shares-list/,,765,,,
Chennai Super Kings Cricket Limited,,IPL Team,165,,https://rurashfin.com/unlisted-shares-list/,,"1,220",,,
Cochin International Airport Limited,,Airport,186,,https://rurashfin.com/unlisted-shares-list/,,"1,055",,,
Digvijay Finlease Limited,,Finance,"2,400",,https://rurashfin.com/unlisted-shares-list/,,85,,,
Fino Paytech Limited,,Payment Bank,155,,https://rurashfin.com/unlisted-shares-list/,,"1,325",,,
Frick India Limited,,Refrigertor & Air Conditioner,"4,800",,https://rurashfin.com/unlisted-shares-list/,,40,,,
HDB Financial Services Limited,,NBFC,690,,https://rurashfin.com/unlisted-shares-list/,,325,,,
HDFC Securities Limited,,Stockbroking & Financial Services Intermediary,"12,100",,https://rurashfin.com/unlisted-shares-list/,,15,,,
Hero Fincorp Limited,,NBFC  Consumer Finance,1188,,https://rurashfin.com/unlisted-shares-list/,,275,,,
Hicks Thermometers (I) Ltd,,Digital Thermometer,"2,450",,https://rurashfin.com/unlisted-shares-list/,,80,,,
Indofil Industries Limited,,Agro Chemical,675,,https://rurashfin.com/unlisted-shares-list/,,285,,,
Kannur International Airport Limited,,Airport,106,,https://rurashfin.com/unlisted-shares-list/,,"1,800",,,
Kurlon Enterprise Limited,,Mattress,653,,https://rurashfin.com/unlisted-shares-list/,,305,,,
Kurlon Limited,,Mattress,585,,https://rurashfin.com/unlisted-shares-list/,,340,,,
Merino Industries Limited,,Laminates,"2,936",,https://rurashfin.com/unlisted-shares-list/,,70,,,
Metropolitan Stock Exchange Of India Limited,,Exchange,0.93,,https://rurashfin.com/unlisted-shares-list/,,"1,80,180",,,
Mil Industries Limited,,Abrasive Rubber Inds,160,,https://rurashfin.com/unlisted-shares-list/,,"1,250",,,
Mohan Meakin Limited,,"Manufacturing alcoholic beverages, food processing","1,650",,https://rurashfin.com/unlisted-shares-list/,,165,,,
Mohindra Fasteners Limited,,Auto Anciliary,180,,https://rurashfin.com/unlisted-shares-list/,,"1,110",,,
Motilal Oswal Home Finance Limited,,Housing Finance,9.8,,https://rurashfin.com/unlisted-shares-list/,,"16,805",,,
National Stock Exchange Of India Ltd,,Exchange,"3,020",,https://rurashfin.com/unlisted-shares-list/,,"1,000",,,
NCL Buildtek Limited,,Manufacturing - Building Material,238,,https://rurashfin.com/unlisted-shares-list/,,"1,040",,,
NCL Holdings (A&S) Limited,,Investment Company,72,,https://rurashfin.com/unlisted-shares-list/,,"4,000",,,
One 97 Communications Limited,,Payment Bank,0,,https://rurashfin.com/unlisted-shares-list/,,0,,,
Philips India Limited,,Lighting & Electrical,965,,https://rurashfin.com/unlisted-shares-list/,,205,,,
Reliance Retail Limited,,Retail,,,https://rurashfin.com/unlisted-shares-list/,,65,,,
Sterlite Power Transmission Limited,,Power,630,,https://rurashfin.com/unlisted-shares-list/,,220,,,
Studds Accessories Limited,,Manufacturing: Rubber and plastic products,910,,https://rurashfin.com/unlisted-shares-list/,,165,,,
Tamilnad Mercantile Bank Limited,,Banking,542,,https://rurashfin.com/unlisted-shares-list/,,370,,,
Tata Technologies Limited,,IT,930,,https://rurashfin.com/unlisted-shares-list/,,40,,,
Utkarsh Coreinvest Limited,,Small Finance Bank,195,,https://rurashfin.com/unlisted-shares-list/,,"1,025",,,
Xerox India Limited,,Machinery,205,,https://rurashfin.com/unlisted-shares-list/,,975,,,
Anugraha Valve Castings Unlisted Shares,,Castings, 300,,https://buysellunlistedshares.com/,,,INE629Z01015,Strong fundamentals,
ACS Technologies Unlisted Shares,,IT, 44,,https://buysellunlistedshares.com/,,,INE07ZN01014,IPO soon,
API Holdings (PharmEasy),,e-pharmacy, 12,,https://buysellunlistedshares.com/,,,INE0DJ201029,IPO soon. Best startup fintech,
Arohan Financial Services Unlisted Shares,,NBFC MFI, 140,,https://buysellunlistedshares.com/,,,INE808K01017,IPO soon,
B9 Beverages (Bira 91) Unlisted Shares,,Liquor, 650,,https://buysellunlistedshares.com/,,,INE833U01014,Strong brand value,
Mayasheel Retail India Unlisted Shares,,Retail, 36,,https://buysellunlistedshares.com/,,,INE03NO01017,Fast growing retail company,
Bharat Nidhi (Bharat Bank) Unlisted Shares,,NBFC - holding co," 11,000",,https://buysellunlistedshares.com/,,,INE286F01016,Holding stake in Times Group,
BLSX Limited Unlisted Shares,,Heavy engineering, 22,,https://buysellunlistedshares.com/,,,INE0MDG01016,,
boAt (Imagine Marketing) Unlisted Shares,,cons electronics, 925,,https://buysellunlistedshares.com/,,,INE03AV01027,IPO soon,
BVG India (Bharat Vikas Group) Unlisted Shares,,Integrated Serv Co," 1,000",,https://buysellunlistedshares.com/,,,INE257H01013,IPO soon,
Bharat Hotels Unlisted Shares,,Hotels, 150,,https://buysellunlistedshares.com/,,,INE466A01015,Operates Lalit chain of hotels + IPO soon,
Capital Small Finance Bank Unlisted Shares,,Small Fin Bank, 425,,https://buysellunlistedshares.com/,,,INE646H01017,IPO soon,
Care Health Insurance Unlisted Shares,,Health Insurance, 180,,https://buysellunlistedshares.com/,,,INE119J01011,Health insurance company,
Carrier AirCon Refrigeration Unlisted Shares,,Air-conditioning, 300,,https://buysellunlistedshares.com/,,,INE040I01011,"Debt free, high dividend yield",
Chennai Super Kings (CSK) Unlisted Shares,,Cricket team, 175,,https://buysellunlistedshares.com/,,,INE852S01026,"IPL Franchise, brand value",
Cochin International AirportUnlisted Shares,,Airport, 190,,https://buysellunlistedshares.com/,,,INE02KH01019,PPP profitable infra company,
Desi Tea Time Unlisted Shares,,Foods & Bev, 48 - 50,,https://buysellunlistedshares.com/,,,,,
ESDS Software Solution Unlisted Shares,,Cloud solutions, 235,,https://buysellunlistedshares.com/,,,INE0DRI01011,IPO soon,
ESL Steel Unlisted  Shares,,Steel, 31,,https://buysellunlistedshares.com/,,,INE481K01021,Vedanta group. Strong financials,
FINO PayTech Unlisted Shares,,Payments bank, 150,,https://buysellunlistedshares.com/,,,INE511I01011,Financial inclusion boost,
Frick India Unlisted Shares,,Ind Refrigeration, 6750,,https://buysellunlistedshares.com/,,,INE499C01012,"Undervalued stock, land bank",
Gandhar Oil Unlisted Shares,,Oil Refinery, 350,,https://buysellunlistedshares.com/,,,INE717W01049,"Fundamentals strong, IPO soon",
HDB Financial ServicesUnlisted Shares,,NBFC, 675,,https://buysellunlistedshares.com/,,,INE756I01012,HDFC Bank subsidiary + IPO soon,
HDFC Securities Unlisted Shares,,Brokerage, 11500,,https://buysellunlistedshares.com/,,,INE700G01014,HDFC subsidiary + IPO soon,
Hero FinCorp Unlisted Shares,,NBFC, 1100,,https://buysellunlistedshares.com/,,,INE957N01016,Hero group + IPO soon,
Hexaware Unlisted Shares,,Software, 620,,https://buysellunlistedshares.com/,,,INE093A01033,Undervalued IT company,
Indian Comm Exch (ICEX) Unlisted Shares,,Exchange, 4.50,,https://buysellunlistedshares.com/,,,INE678L01012,"3rd commodity exchange after MCX, NCDEX",
Indofil Industries Unlisted Shares,,Agrochemical, 700,,https://buysellunlistedshares.com/,,,INE071I01016,"Strong government focus, agrochemical sector",
Ixigo (Le Travenues Tech) Unlisted Shares,,Travel portal, 95,,https://buysellunlistedshares.com/,,,INE0HV901016,IPO soon. Travel startup,
Kannur International Airport Unlisted Shares,,Airport, 108,,https://buysellunlistedshares.com/,,,INE02Y401013,PPP Infra Company,
Kurlon Ltd Unlisted Shares,,Holding co, 575,,https://buysellunlistedshares.com/,,,INE781F01032,Kurlon brand premium,
Kurlon Enterprises Unlisted Shares,,Mattress maker, 800,,https://buysellunlistedshares.com/,,,INE387W01025,Superbrand consumption boom. IPO soon,
Lava International Unlisted Shares,,Cons electronics, 98,,https://buysellunlistedshares.com/,,,INE745X01014,PLI scheme. contract manufacturer,
Madbow Ventures (New Arrival),,Cons platform, 50 - 55,,https://buysellunlistedshares.com/,,,INE0JKD01014,fashion and lifestyle brand,
Market Simplified India Unlisted Shares,,Software, 54,,https://buysellunlistedshares.com/,,,INE931L01015,NSE Holding 30% stake,
Merino Industries Unlisted Shares,,Laminates, 2900,,https://buysellunlistedshares.com/,,,INE662B01017,Highly profitable company,
MKCL,,IT education, 375,,https://buysellunlistedshares.com/,,,INE03KR01016,cash rich + debt free e learning,
Metropolitan Stock(MSEI) Unlisted Shares,,Stock exchange, 0.90,,https://buysellunlistedshares.com/,,,INE312K01010,"3rd functional stock exchange after BSE, NSE",
Mohan Meakin Unlisted Shares,,Liquor," 1,650",,https://buysellunlistedshares.com/,,,INE136D01018,"Old monk maker, listing soon",
Motilal Home Finance Unlisted Shares,,Home Finance, 9.65,,https://buysellunlistedshares.com/,,,INE658R01011,Motilal Oswal group housing finance co,
Nayara Energy (Essar Oil) Unlisted Shares,,Refinery, 225,,https://buysellunlistedshares.com/,,,INE011A01019,Russian oil major owned oil firm,
National Stock Exch(NSE) Unlisted Shares,,Stock Exchange," 3,250",,https://buysellunlistedshares.com/,,,INE721I01024,World's leading stock exchange. IPO soon,
NSDL Unlisted Shares,,Depository,Not Available,,https://buysellunlistedshares.com/,,,,DRHP Filed. IPO soon,
One MobiKwik Systems Unlisted Shares,,digital wallet, 375,,https://buysellunlistedshares.com/,,,INE0HLU01028,IPO soon,
Oyo Unlisted Shares,,Hotel chain, 68,,https://buysellunlistedshares.com/,,,INE130H01012,World's 3rd largest hotel chain. IPO soon,
Otis Elevator Company (India) Limited Shares,,Lift Manufacturer," 3,750",,https://buysellunlistedshares.com/,,,INE099A01014,Very High Dividend Yield,
Paymate Unlisted Shares,,Payment Sols, 340,,https://buysellunlistedshares.com/,,,INE08J501021,Leading B2B payments services. IPO soon,
Polymatech Electronics Unlisted Shares,,Semiconductor, 465,,https://buysellunlistedshares.com/,,,INE0OLN01011,LED semiconductor chips,
Reliance Retail Unlisted Shares,,Retail,Best rates,,https://buysellunlistedshares.com/,,,INE742O01010,RIL group organised retail giant,
SBI Home Finance Unlisted Shares,,Home Loans, 53,,https://buysellunlistedshares.com/,,,INE627A01012,Home Loans,
Skinbook Laboratories Unlisted Shares (New),,Cosmetics, 38,,https://buysellunlistedshares.com/,,,INE0Q2O01017,Cosmetics,
Sterlite Power Transm Unlisted Shares,,Infrastructure, 635,,https://buysellunlistedshares.com/,,,INE110V01015,Cheapest power infrastructure stock,
Studds Accessories Unlisted Shares,,Helmet maker, 865,,https://buysellunlistedshares.com/,,,INE00Q601028,Worlds largest helmet maker. IPO soon,
Tata Capital Unlisted Shares  (New Arrival),,NBFC, 475,,https://buysellunlistedshares.com/,,,INE976I01016,Tata group leading financial firm,
Tata Technologies Unlisted Shares,,Technology, 860,,https://buysellunlistedshares.com/,,,INE142M01017,Tata group engineering co. IPO soon,
TRL Krosaki Refractories Unlisted Shares,,Refractories, 1275,,https://buysellunlistedshares.com/,,,INE012L01014,"No 1 Refractory, strong fundamentals",
Urban Tots Unlisted Shares,,"Housewares, Toys", 48,,https://buysellunlistedshares.com/,,,INE0MQ801018,Toys exporter,
Utkarsh Microfinance Unlisted Shares,,Small Fin Bank, 195,,https://buysellunlistedshares.com/,,,INE396P01012,Financial inclusion beneficiary + IPO soon,
Waaree Energies Unlisted Shares(New Arrival),,Solar modules leader, 775,,https://buysellunlistedshares.com/,,,INE377N01017,Renewable energy Solar PV Module manufacturer,
BLSX LIMITED,,,20.0,,https://www.unlistedsharebrokers.com/,100.0,,INE0MDG01016,,30.0
Indian Commodity Exchange Limited (ICEX),,,3.0,,https://www.unlistedsharebrokers.com/,100.0,,INE678L01012,,6.0
ORBIS FINANCIAL CORPORATION LTD.,,,80.0,,https://www.unlistedsharebrokers.com/,100.0,,INE155K01013,,100.0
ORAVEL STAYS LIMITED (OYO),,,55.0,,https://www.unlistedsharebrokers.com/,100.0,,INE561T01021,,68.0
IMAGINE MARKETING LIMITED (BOAT),,,850.0,,https://www.unlistedsharebrokers.com/,100.0,,INE03AV01027,,950.0
COCHIN INTERNATIONAL AIRPORT LIMITED,,,169.0,,https://www.unlistedsharebrokers.com/,100.0,,INE02KH01019,,185.0
KANNUR INTERNATIONAL AIRPORT LIMITED,,,100.0,,https://www.unlistedsharebrokers.com/,100.0,,INE02Y401013,,115.0
PHARMED LIMITED,,,500.0,,https://www.unlistedsharebrokers.com/,100.0,,INE0EEI01017,,700.0
MARKET SIMPLIFIED INDIA LIMITED,,,52.0,,https://www.unlistedsharebrokers.com/,100.0,,INE931L01015,,63.0
Signify Innovations India Limited Unlisted Shares,,,1300.0,,https://www.unlistedsharebrokers.com/,100.0,,INE045U01015,,1500.0
Philips Domestic Appliances India Limited Unlisted Shares,,,500.0,,https://www.unlistedsharebrokers.com/,100.0,,INE0FO801019,,600.0
HDB Financial Services Limited Unlisted Shares,,,650.0,,https://www.unlistedsharebrokers.com/,100.0,,INE756I01012,,700.0
Indofil Industries Limited Unlisted Shares,,,600.0,,https://www.unlistedsharebrokers.com/,100.0,,INE071I01016,,700.0
Merino Industries Ltd Unlisted Shares,,,2700.0,,https://www.unlistedsharebrokers.com/,100.0,,INE662B01017,,2800.0
HDFC Securities Unlisted Shares,,,10500.0,,https://www.unlistedsharebrokers.com/,100.0,,INE700G01014,,11500.0
MAXVALUE CREDITS AND INVESTMENTS LIMITED,,,5.0,,https://www.unlistedsharebrokers.com/,,,INE040401023,,7.0
Capgemini Technology Services India Limited Unlisted Shares,,,9800.0,,https://www.unlistedsharebrokers.com/,,,INE177B01032,,11000.0
Philips India Limited Unlisted Shares,,,900.0,,https://www.unlistedsharebrokers.com/,100.0,,INE319A01016,,1100.0
Reliance Retail Limited Unlisted Shares,,,0.0,,https://www.unlistedsharebrokers.com/,,,INE742O01010,,0.0
Sterlite Power Transmission Limited Unlisted Shares,,,600.0,,https://www.unlistedsharebrokers.com/,,,INE110V01015,,650.0
Care Health (Religare Health) Insurance Limited Unlisted Shares,,,155.0,,https://www.unlistedsharebrokers.com/,,,INE119J01011,,170.0
Chennai Super Kings Cricket Limited Unlisted Shares,,,155.0,,https://www.unlistedsharebrokers.com/,100.0,,INE852S01026,,170.0
Mohan Meakin Limited Unlisted Shares,,,1500.0,,https://www.unlistedsharebrokers.com/,100.0,,INE136D01018,,1700.0
National Stock Exchange of India Limited (NSE),,,3100.0,,https://www.unlistedsharebrokers.com/,100.0,,,,3300.0
G G Automotive Gears Limited Unlisted Shares,,,25.0,,https://www.unlistedsharebrokers.com/,100.0,,INE493B01017,,35.0
Spencer & Company Limited,,,700.0,,https://www.unlistedsharebrokers.com/,100.0,,IN9766E01018,,900.0
Lakeshore Hospital & Research Centre Limited,,,55.0,,https://www.unlistedsharebrokers.com/,100.0,,INE01TI01010,,70.0
Fincare Business Services Limited,,,80.0,,https://www.unlistedsharebrokers.com/,100.0,,INE957R01025,,92.0
Ring Plus Aqua Limited,,,350.0,,https://www.unlistedsharebrokers.com/,100.0,,INE093H01012,,425.0
India Exposition Mart Limited,,,100.0,,https://www.unlistedsharebrokers.com/,100.0,,INE01JH01013,,150.0
API Holdings Limited (PharmEasy),,,8.0,,https://www.unlistedsharebrokers.com/,100.0,,INE0DJ201029,,12.0
AGS Transact Technologies Limited,,,150.0,,https://www.unlistedsharebrokers.com/,100.0,,INE583L01014,,200.0
MINOSHA INDIA LIMITED,,,0.0,,https://www.unlistedsharebrokers.com/,100.0,,INE291B01023,,0.0
Hexaware Technologies Limited,,,575.0,,https://www.unlistedsharebrokers.com/,100.0,,INE093A01033,,650.0
Hindustan Times Unlisted Shares,,,600.0,,https://www.unlistedsharebrokers.com/,25.0,,INE946D01010,,750.0
One Mobikwik Systems Limited unlisted share,,,250.0,,https://www.unlistedsharebrokers.com/,100.0,,INE0HLU01028,,350.0
SBI HOME FINANCE LIMITED,,,60.0,,https://www.unlistedsharebrokers.com/,,,INE627A01012,,75.0
NCL Holdings (A&S) Limited,,,55.0,,https://www.unlistedsharebrokers.com/,100.0,,INE06DT01010,,70.0
Shriram Life Insurance Company Limited,,,325.0,,https://www.unlistedsharebrokers.com/,100.0,,INE227H01016,,390.0
Schneider Electric President Systems Ltd.,,,150.0,,https://www.unlistedsharebrokers.com/,,,INE155D01018,,290.0
Hicks Thermometers (India) Limited,,,1400.0,,https://www.unlistedsharebrokers.com/,100.0,,INE923S01017,,1600.0
LAVA International Limited Unlisted Shares,,,80.0,,https://www.unlistedsharebrokers.com/,,,INE745X01014,,120.0
Silverline Technologies Limited,,,4.0,,https://www.unlistedsharebrokers.com/,100.0,,INE368A01021,,7.0
Inkel Limited Unlisted Shares,,,9.0,,https://www.unlistedsharebrokers.com/,,,INE308U01017,,14.0
ESL Steel limited Unlisted Shares,,,30.0,,https://www.unlistedsharebrokers.com/,,,INE481K01021,,40.0
Maharashtra Knowledge Corporation Limited Unlisted Shares,,,250.0,,https://www.unlistedsharebrokers.com/,,,INE03KR01016,,350.0
C&S Electric Limited Unlisted Shares,,,490.0,,https://www.unlistedsharebrokers.com/,,,INE052F01012,,600.0
Anugraha Valve Castings Limited Unlisted Shares,,,230.0,,https://www.unlistedsharebrokers.com/,,,INE629Z01015,,300.0
Empire Spices and Foods Limited Unlisted Shares,,,300.0,,https://www.unlistedsharebrokers.com/,,,INE041101010,,400.0
Elofic Industries Limited Unlisted Shares,,,2200.0,,https://www.unlistedsharebrokers.com/,,,INE02YY01015,,2600.0
Inox Leasing & Finance ltd Unlisted Shares,,,2100.0,,https://www.unlistedsharebrokers.com/,,,INE608E01014,,2500.0
Motilal Oswal Home Finance Ltd Unlisted Shares,,,7.0,,https://www.unlistedsharebrokers.com/,,,INE658R01011,,10.0
B9 Beverages Bira Beer Unlisted Shares,,,550.0,,https://www.unlistedsharebrokers.com/,,,INE833U01014,,625.0
Utkarsh Micro Finance Ltd Unlisted Shares,,,100.0,,https://www.unlistedsharebrokers.com/,,,INE396P07076,,190.0
Capital Small Finance Bank Unlisted Shares,,,325.0,,https://www.unlistedsharebrokers.com/,100.0,,INE646H08020,,400.0
Anheuser Busch Inbev I Ltd Unlisted shares,,,250.0,,https://www.unlistedsharebrokers.com/,100.0,,BE0974293251,,400.0
Nayara Energy Ltd Unlisted Shares,,,200.0,,https://www.unlistedsharebrokers.com/,100.0,,INE011A01019,,250.0
Assam Carbon Products Ltd Unlisted Shares,,,170.0,,https://www.unlistedsharebrokers.com/,,,INE496C01018,,250.0
India Carbon Ltd Unlisted Shares,,,900.0,,https://www.unlistedsharebrokers.com/,100.0,,INE743B01015,,1100.0
Top Five Company Shares,,,,,https://www.unlistedsharebrokers.com/,,,,,
Mohindra Fasteners Unlisted Shares,,,140.0,,https://www.unlistedsharebrokers.com/,,,INE705H01011,,225.0
Amol Minechem Limited Unlisted Shares,,,550.0,,https://www.unlistedsharebrokers.com/,,,INE404C01012,,650.0
Bharat Nidhi Limited Unlisted Shares,,,9000.0,,https://www.unlistedsharebrokers.com/,100.0,,INE286F01016,,11500.0
Aricent Technologies Limited Unlisted Shares,,,550.0,,https://www.unlistedsharebrokers.com/,100.0,,INE272I01010,,650.0
Kurlon Limited Unlisted Shares,,,460.0,,https://www.unlistedsharebrokers.com/,100.0,,INE781F01032,,550.0
AV Thomas Co Unlisted Shares,,,15000.0,,https://www.unlistedsharebrokers.com/,100.0,,,,18000.0
Camac Commercial Company Limited Unlisted Shares,,,30000.0,,https://www.unlistedsharebrokers.com/,100.0,,INE227E01013,,40000.0
Carrier Airconditioning and Refrigeration Ltd. Unlisted Shares,,,240.0,,https://www.unlistedsharebrokers.com/,100.0,,INE040I01011,,300.0
T Stanes & Co Unlisted Shares,,,700.0,,https://www.unlistedsharebrokers.com/,100.0,,INE420F01011,,800.0
Resins and Plastics Limited Unlisted Shares,,,300.0,,https://www.unlistedsharebrokers.com/,100.0,,INE422F01017,,375.0
Otis Elevator Company (I) Limited Unlisted Shares,,,3200.0,,https://www.unlistedsharebrokers.com/,100.0,,INE099A01014,,4000.0
Dalmia Refractories Unlisted Shares,,,100.0,,https://www.unlistedsharebrokers.com/,100.0,,INE200F01017,,170.0
Frick India Limited Unlisted Shares,,,6000.0,,https://www.unlistedsharebrokers.com/,100.0,,INE499C01012,,6500.0
Hero Fincorp Limited Unlisted Shares,,,1100.0,,https://www.unlistedsharebrokers.com/,100.0,,INE957N01016,,1200.0
Elcid Investments Limited Unlisted Shares,,,120000.0,,https://www.unlistedsharebrokers.com/,100.0,,INE927X01018,,140000.0
PNB Finance Unlisted Shares,,,6000.0,,https://www.unlistedsharebrokers.com/,100.0,,INE057F01011,,7000.0
Merind Limited Unlisted Shares,,,200.0,,https://www.unlistedsharebrokers.com/,100.0,,INE215A01016,,350.0
Metropolitan Stock Exchange Unlisted Shares,,,0.7,,https://www.unlistedsharebrokers.com/,1000.0,,INE312K01010,,1.0
Tata Technologies Unlisted Shares,,,800.0,,https://www.unlistedsharebrokers.com/,100.0,,INE142M01017,,900.0
Fino Paytech Unlisted Shares,,,100.0,,https://www.unlistedsharebrokers.com/,100.0,,INE511I01011,,150.0
Kurlon Enterprises Limited Unlisted Shares,,,600.0,,https://www.unlistedsharebrokers.com/,100.0,,INE781F01032,,700.0
Studds Accessories Limited Unlisted Shares,,,800.0,,https://www.unlistedsharebrokers.com/,100.0,,INE00Q601028,,900.0
Ramaraju Surgical Unlisted Shares,,,680.0,,https://www.unlistedsharebrokers.com/,100.0,,INE328E01027,,740.0
Bharat Hotels Limited Unlisted Shares,,,150.0,,https://www.unlistedsharebrokers.com/,100.0,,INE466A01015,,200.0
NCL Buildtek Limited Unlisted Shares,,,200.0,,https://www.unlistedsharebrokers.com/,100.0,,INE243S01010,,250.0
Anand Projects Limited Unlisted Shares,,,150.0,,https://www.unlistedsharebrokers.com/,100.0,,INE134R01013,,250.0
Digvijay Finlease Limited Unlisted Shares,,,1500.0,,https://www.unlistedsharebrokers.com/,100.0,,INE01US01017,,1900.0
shares,,,,,https://www.unlistedsharebrokers.com/,,,,,
